PriceList.Code,BaseValue,PriceRule.Code,Item.RefCode,Item.Attribute.0.Value
HUF-2025-Q12603,41990,PR00010,AVZ30_J,0
HUF-2025-Q12603,41990,PR00010,AVZ30_B,0
HUF-2025-Q12603,35990,PR00010,FMFVZ30_J,0
HUF-2025-Q12603,35990,PR00010,FMFVZ30_B,0
HUF-2025-Q12603,1390,PR00010,FLB,0
HUF-2025-Q12603,250,PR00010,M1,0
HUF-2025-Q12603,41190,PR00010,PIFK,0
HUF-2025-Q12603,47000,PR00010,TKFL45,0
HUF-2025-Q12603,59800,PR00010,TKFL60,0
HUF-2025-Q12603,46900,PR00010,TVKL300,0
HUF-2025-Q12603,91800,PR00010,TVS_MOB,0
HUF-2025-Q12603,97400,PR00010,TVS_M,0
HUF-2025-Q12603,34500,PR00010,TKKE,0
HUF-2025-Q12603,149900,PR00010,TGEA45,0
HUF-2025-Q12603,223400,PR00010,TVKK40H_KT,0
HUF-2025-Q12603,383200,PR00010,TVKK60N,0
HUF-2025-Q12603,0,PR00010_CF00001,MPF,0
HUF-2025-Q12603,149900,PR00010,TGEA60,0
HUF-2025-Q12603,87990,PR00010,FU80F,0
HUF-2025-Q12603,94490,PR00010,FZN80,0
HUF-2025-Q12603,91800,PR00010,TVS_MOJ,0
HUF-2025-Q12603,50900,PR00010,TVKL400,0
HUF-2025-Q12603,0,PR00010_CF00002,CT,0
HUF-2025-Q12603,0,PR00010_CF00002,MKP,0
HUF-2025-Q12603,42200,PR00010,TKKSE45,0
HUF-2025-Q12603,42200,PR00010,TKKSE60,0
HUF-2025-Q12603,320,PR00010,M15,0
HUF-2025-Q12603,51990,PR00011,AAFE40_J,1
HUF-2025-Q12603,66990,PR00011,AAFE40_J,2
HUF-2025-Q12603,66990,PR00011,AAFE40_J,3
HUF-2025-Q12603,66990,PR00011,AAFE40_J,4
HUF-2025-Q12603,66990,PR00011,AAFE40_J,5
HUF-2025-Q12603,71990,PR00011,AAFE40_J,7
HUF-2025-Q12603,51990,PR00011,AAFE40_B,1
HUF-2025-Q12603,66990,PR00011,AAFE40_B,2
HUF-2025-Q12603,66990,PR00011,AAFE40_B,3
HUF-2025-Q12603,66990,PR00011,AAFE40_B,4
HUF-2025-Q12603,66990,PR00011,AAFE40_B,5
HUF-2025-Q12603,71990,PR00011,AAFE40_B,7
HUF-2025-Q12603,53990,PR00011,AAFE45_J,1
HUF-2025-Q12603,68990,PR00011,AAFE45_J,2
HUF-2025-Q12603,68990,PR00011,AAFE45_J,3
HUF-2025-Q12603,68990,PR00011,AAFE45_J,4
HUF-2025-Q12603,68990,PR00011,AAFE45_J,5
HUF-2025-Q12603,73990,PR00011,AAFE45_J,7
HUF-2025-Q12603,53990,PR00011,AAFE45_B,1
HUF-2025-Q12603,68990,PR00011,AAFE45_B,2
HUF-2025-Q12603,68990,PR00011,AAFE45_B,3
HUF-2025-Q12603,68990,PR00011,AAFE45_B,4
HUF-2025-Q12603,68990,PR00011,AAFE45_B,5
HUF-2025-Q12603,73990,PR00011,AAFE45_B,7
HUF-2025-Q12603,56990,PR00011,AAFE50_J,1
HUF-2025-Q12603,70990,PR00011,AAFE50_J,2
HUF-2025-Q12603,70990,PR00011,AAFE50_J,3
HUF-2025-Q12603,70990,PR00011,AAFE50_J,4
HUF-2025-Q12603,70990,PR00011,AAFE50_J,5
HUF-2025-Q12603,76990,PR00011,AAFE50_J,7
HUF-2025-Q12603,56990,PR00011,AAFE50_B,1
HUF-2025-Q12603,70990,PR00011,AAFE50_B,2
HUF-2025-Q12603,70990,PR00011,AAFE50_B,3
HUF-2025-Q12603,70990,PR00011,AAFE50_B,4
HUF-2025-Q12603,70990,PR00011,AAFE50_B,5
HUF-2025-Q12603,76990,PR00011,AAFE50_B,7
HUF-2025-Q12603,57990,PR00011,AAFE60_J,1
HUF-2025-Q12603,85990,PR00011,AAFE60_J,2
HUF-2025-Q12603,85990,PR00011,AAFE60_J,3
HUF-2025-Q12603,85990,PR00011,AAFE60_J,4
HUF-2025-Q12603,85990,PR00011,AAFE60_J,5
HUF-2025-Q12603,91990,PR00011,AAFE60_J,7
HUF-2025-Q12603,57990,PR00011,AAFE60_B,1
HUF-2025-Q12603,85990,PR00011,AAFE60_B,2
HUF-2025-Q12603,85990,PR00011,AAFE60_B,3
HUF-2025-Q12603,85990,PR00011,AAFE60_B,4
HUF-2025-Q12603,85990,PR00011,AAFE60_B,5
HUF-2025-Q12603,91990,PR00011,AAFE60_B,7
HUF-2025-Q12603,57990,PR00011,AAFE60_K,1
HUF-2025-Q12603,85990,PR00011,AAFE60_K,2
HUF-2025-Q12603,85990,PR00011,AAFE60_K,3
HUF-2025-Q12603,85990,PR00011,AAFE60_K,4
HUF-2025-Q12603,85990,PR00011,AAFE60_K,5
HUF-2025-Q12603,91990,PR00011,AAFE60_K,7
HUF-2025-Q12603,73990,PR00011,AAFE80,1
HUF-2025-Q12603,101990,PR00011,AAFE80,2
HUF-2025-Q12603,101990,PR00011,AAFE80,3
HUF-2025-Q12603,101990,PR00011,AAFE80,4
HUF-2025-Q12603,101990,PR00011,AAFE80,5
HUF-2025-Q12603,107990,PR00011,AAFE80,7
HUF-2025-Q12603,82990,PR00011,AAFE90,1
HUF-2025-Q12603,106990,PR00011,AAFE90,2
HUF-2025-Q12603,106990,PR00011,AAFE90,3
HUF-2025-Q12603,106990,PR00011,AAFE90,4
HUF-2025-Q12603,106990,PR00011,AAFE90,5
HUF-2025-Q12603,112990,PR00011,AAFE90,7
HUF-2025-Q12603,43990,PR00011,AML30_J,1
HUF-2025-Q12603,53990,PR00011,AML30_J,2
HUF-2025-Q12603,53990,PR00011,AML30_J,3
HUF-2025-Q12603,53990,PR00011,AML30_J,4
HUF-2025-Q12603,53990,PR00011,AML30_J,5
HUF-2025-Q12603,54990,PR00011,AML30_J,7
HUF-2025-Q12603,43990,PR00011,AML30_B,1
HUF-2025-Q12603,53990,PR00011,AML30_B,2
HUF-2025-Q12603,53990,PR00011,AML30_B,3
HUF-2025-Q12603,53990,PR00011,AML30_B,4
HUF-2025-Q12603,53990,PR00011,AML30_B,5
HUF-2025-Q12603,54990,PR00011,AML30_B,7
HUF-2025-Q12603,43990,PR00011,AKL30,1
HUF-2025-Q12603,52990,PR00011,AKL30,2
HUF-2025-Q12603,52990,PR00011,AKL30,3
HUF-2025-Q12603,52990,PR00011,AKL30,4
HUF-2025-Q12603,52990,PR00011,AKL30,5
HUF-2025-Q12603,54990,PR00011,AKL30,7
HUF-2025-Q12603,44990,PR00011,AML35_J,1
HUF-2025-Q12603,55990,PR00011,AML35_J,2
HUF-2025-Q12603,55990,PR00011,AML35_J,3
HUF-2025-Q12603,55990,PR00011,AML35_J,4
HUF-2025-Q12603,55990,PR00011,AML35_J,5
HUF-2025-Q12603,56990,PR00011,AML35_J,7
HUF-2025-Q12603,44990,PR00011,AML35_B,1
HUF-2025-Q12603,55990,PR00011,AML35_B,2
HUF-2025-Q12603,55990,PR00011,AML35_B,3
HUF-2025-Q12603,55990,PR00011,AML35_B,4
HUF-2025-Q12603,55990,PR00011,AML35_B,5
HUF-2025-Q12603,56990,PR00011,AML35_B,7
HUF-2025-Q12603,45990,PR00011,AML40_J,1
HUF-2025-Q12603,57990,PR00011,AML40_J,2
HUF-2025-Q12603,57990,PR00011,AML40_J,3
HUF-2025-Q12603,57990,PR00011,AML40_J,4
HUF-2025-Q12603,57990,PR00011,AML40_J,5
HUF-2025-Q12603,58990,PR00011,AML40_J,7
HUF-2025-Q12603,45990,PR00011,AML40_B,1
HUF-2025-Q12603,57990,PR00011,AML40_B,2
HUF-2025-Q12603,57990,PR00011,AML40_B,3
HUF-2025-Q12603,57990,PR00011,AML40_B,4
HUF-2025-Q12603,57990,PR00011,AML40_B,5
HUF-2025-Q12603,58990,PR00011,AML40_B,7
HUF-2025-Q12603,44990,PR00011,AKL40,1
HUF-2025-Q12603,54990,PR00011,AKL40,2
HUF-2025-Q12603,54990,PR00011,AKL40,3
HUF-2025-Q12603,54990,PR00011,AKL40,4
HUF-2025-Q12603,54990,PR00011,AKL40,5
HUF-2025-Q12603,55990,PR00011,AKL40,7
HUF-2025-Q12603,44990,PR00011,AET40_J,1
HUF-2025-Q12603,54990,PR00011,AET40_J,2
HUF-2025-Q12603,54990,PR00011,AET40_J,3
HUF-2025-Q12603,54990,PR00011,AET40_J,4
HUF-2025-Q12603,54990,PR00011,AET40_J,5
HUF-2025-Q12603,55990,PR00011,AET40_J,7
HUF-2025-Q12603,44990,PR00011,AET40_B,1
HUF-2025-Q12603,54990,PR00011,AET40_B,2
HUF-2025-Q12603,54990,PR00011,AET40_B,3
HUF-2025-Q12603,54990,PR00011,AET40_B,4
HUF-2025-Q12603,54990,PR00011,AET40_B,5
HUF-2025-Q12603,55990,PR00011,AET40_B,7
HUF-2025-Q12603,45990,PR00011,AML45_J,1
HUF-2025-Q12603,59990,PR00011,AML45_J,2
HUF-2025-Q12603,59990,PR00011,AML45_J,3
HUF-2025-Q12603,59990,PR00011,AML45_J,4
HUF-2025-Q12603,59990,PR00011,AML45_J,5
HUF-2025-Q12603,61990,PR00011,AML45_J,7
HUF-2025-Q12603,45990,PR00011,AML45_B,1
HUF-2025-Q12603,59990,PR00011,AML45_B,2
HUF-2025-Q12603,59990,PR00011,AML45_B,3
HUF-2025-Q12603,59990,PR00011,AML45_B,4
HUF-2025-Q12603,59990,PR00011,AML45_B,5
HUF-2025-Q12603,61990,PR00011,AML45_B,7
HUF-2025-Q12603,46990,PR00011,AML50_J,1
HUF-2025-Q12603,61990,PR00011,AML50_J,2
HUF-2025-Q12603,61990,PR00011,AML50_J,3
HUF-2025-Q12603,61990,PR00011,AML50_J,4
HUF-2025-Q12603,61990,PR00011,AML50_J,5
HUF-2025-Q12603,62990,PR00011,AML50_J,7
HUF-2025-Q12603,46990,PR00011,AML50_B,1
HUF-2025-Q12603,61990,PR00011,AML50_B,2
HUF-2025-Q12603,61990,PR00011,AML50_B,3
HUF-2025-Q12603,61990,PR00011,AML50_B,4
HUF-2025-Q12603,61990,PR00011,AML50_B,5
HUF-2025-Q12603,62990,PR00011,AML50_B,7
HUF-2025-Q12603,47990,PR00011,AML60E_J,1
HUF-2025-Q12603,66990,PR00011,AML60E_J,2
HUF-2025-Q12603,66990,PR00011,AML60E_J,3
HUF-2025-Q12603,66990,PR00011,AML60E_J,4
HUF-2025-Q12603,66990,PR00011,AML60E_J,5
HUF-2025-Q12603,68990,PR00011,AML60E_J,7
HUF-2025-Q12603,47990,PR00011,AML60E_B,1
HUF-2025-Q12603,66990,PR00011,AML60E_B,2
HUF-2025-Q12603,66990,PR00011,AML60E_B,3
HUF-2025-Q12603,66990,PR00011,AML60E_B,4
HUF-2025-Q12603,66990,PR00011,AML60E_B,5
HUF-2025-Q12603,68990,PR00011,AML60E_B,7
HUF-2025-Q12603,47990,PR00011,AML60_K,1
HUF-2025-Q12603,66990,PR00011,AML60_K,2
HUF-2025-Q12603,66990,PR00011,AML60_K,3
HUF-2025-Q12603,66990,PR00011,AML60_K,4
HUF-2025-Q12603,66990,PR00011,AML60_K,5
HUF-2025-Q12603,69990,PR00011,AML60_K,7
HUF-2025-Q12603,51990,PR00011,AML70,1
HUF-2025-Q12603,73990,PR00011,AML70,2
HUF-2025-Q12603,73990,PR00011,AML70,3
HUF-2025-Q12603,73990,PR00011,AML70,4
HUF-2025-Q12603,73990,PR00011,AML70,5
HUF-2025-Q12603,76990,PR00011,AML70,7
HUF-2025-Q12603,53990,PR00011,AML80,1
HUF-2025-Q12603,75990,PR00011,AML80,2
HUF-2025-Q12603,75990,PR00011,AML80,3
HUF-2025-Q12603,75990,PR00011,AML80,4
HUF-2025-Q12603,75990,PR00011,AML80,5
HUF-2025-Q12603,78990,PR00011,AML80,7
HUF-2025-Q12603,55990,PR00011,AML90,1
HUF-2025-Q12603,81990,PR00011,AML90,2
HUF-2025-Q12603,81990,PR00011,AML90,3
HUF-2025-Q12603,81990,PR00011,AML90,4
HUF-2025-Q12603,81990,PR00011,AML90,5
HUF-2025-Q12603,83990,PR00011,AML90,7
HUF-2025-Q12603,57990,PR00011,AML100,1
HUF-2025-Q12603,85990,PR00011,AML100,2
HUF-2025-Q12603,85990,PR00011,AML100,3
HUF-2025-Q12603,85990,PR00011,AML100,4
HUF-2025-Q12603,85990,PR00011,AML100,5
HUF-2025-Q12603,87990,PR00011,AML100,7
HUF-2025-Q12603,61990,PR00011,AR20,1
HUF-2025-Q12603,73990,PR00011,AR20,2
HUF-2025-Q12603,73990,PR00011,AR20,3
HUF-2025-Q12603,73990,PR00011,AR20,4
HUF-2025-Q12603,73990,PR00011,AR20,5
HUF-2025-Q12603,74990,PR00011,AR20,7
HUF-2025-Q12603,62990,PR00011,ASZB45,1
HUF-2025-Q12603,73990,PR00011,ASZB45,2
HUF-2025-Q12603,73990,PR00011,ASZB45,3
HUF-2025-Q12603,73990,PR00011,ASZB45,4
HUF-2025-Q12603,73990,PR00011,ASZB45,5
HUF-2025-Q12603,64990,PR00011,ASZB60,1
HUF-2025-Q12603,85990,PR00011,ASZB60,2
HUF-2025-Q12603,85990,PR00011,ASZB60,3
HUF-2025-Q12603,85990,PR00011,ASZB60,4
HUF-2025-Q12603,85990,PR00011,ASZB60,5
HUF-2025-Q12603,46990,PR00011,AMO60E_J,1
HUF-2025-Q12603,62990,PR00011,AMO60E_J,2
HUF-2025-Q12603,62990,PR00011,AMO60E_J,3
HUF-2025-Q12603,62990,PR00011,AMO60E_J,4
HUF-2025-Q12603,62990,PR00011,AMO60E_J,5
HUF-2025-Q12603,63990,PR00011,AMO60E_J,7
HUF-2025-Q12603,46990,PR00011,AMO60E_B,1
HUF-2025-Q12603,62990,PR00011,AMO60E_B,2
HUF-2025-Q12603,62990,PR00011,AMO60E_B,3
HUF-2025-Q12603,62990,PR00011,AMO60E_B,4
HUF-2025-Q12603,62990,PR00011,AMO60E_B,5
HUF-2025-Q12603,63990,PR00011,AMO60E_B,7
HUF-2025-Q12603,46990,PR00011,AMO60_K,1
HUF-2025-Q12603,62990,PR00011,AMO60_K,2
HUF-2025-Q12603,62990,PR00011,AMO60_K,3
HUF-2025-Q12603,62990,PR00011,AMO60_K,4
HUF-2025-Q12603,62990,PR00011,AMO60_K,5
HUF-2025-Q12603,64990,PR00011,AMO60_K,7
HUF-2025-Q12603,47990,PR00011,AMO70,1
HUF-2025-Q12603,69990,PR00011,AMO70,2
HUF-2025-Q12603,69990,PR00011,AMO70,3
HUF-2025-Q12603,69990,PR00011,AMO70,4
HUF-2025-Q12603,69990,PR00011,AMO70,5
HUF-2025-Q12603,71990,PR00011,AMO70,7
HUF-2025-Q12603,48990,PR00011,AMO80,1
HUF-2025-Q12603,71990,PR00011,AMO80,2
HUF-2025-Q12603,71990,PR00011,AMO80,3
HUF-2025-Q12603,71990,PR00011,AMO80,4
HUF-2025-Q12603,71990,PR00011,AMO80,5
HUF-2025-Q12603,73990,PR00011,AMO80,7
HUF-2025-Q12603,49990,PR00011,AMO90,1
HUF-2025-Q12603,76990,PR00011,AMO90,2
HUF-2025-Q12603,76990,PR00011,AMO90,3
HUF-2025-Q12603,76990,PR00011,AMO90,4
HUF-2025-Q12603,76990,PR00011,AMO90,5
HUF-2025-Q12603,78990,PR00011,AMO90,7
HUF-2025-Q12603,51990,PR00011,AMO100,1
HUF-2025-Q12603,83990,PR00011,AMO100,2
HUF-2025-Q12603,83990,PR00011,AMO100,3
HUF-2025-Q12603,83990,PR00011,AMO100,4
HUF-2025-Q12603,83990,PR00011,AMO100,5
HUF-2025-Q12603,85990,PR00011,AMO100,7
HUF-2025-Q12603,5990,PR00011,LMO72_45,1
HUF-2025-Q12603,17990,PR00011,LMO72_45,2
HUF-2025-Q12603,17990,PR00011,LMO72_45,3
HUF-2025-Q12603,17990,PR00011,LMO72_45,4
HUF-2025-Q12603,17990,PR00011,LMO72_45,5
HUF-2025-Q12603,17990,PR00011,LMO72_45,7
HUF-2025-Q12603,4990,PR00011,LMO59_45,1
HUF-2025-Q12603,13990,PR00011,LMO59_45,2
HUF-2025-Q12603,13990,PR00011,LMO59_45,3
HUF-2025-Q12603,13990,PR00011,LMO59_45,4
HUF-2025-Q12603,13990,PR00011,LMO59_45,5
HUF-2025-Q12603,14490,PR00011,LMO59_45,7
HUF-2025-Q12603,7990,PR00011,LMO72_60,1
HUF-2025-Q12603,23490,PR00011,LMO72_60,2
HUF-2025-Q12603,23490,PR00011,LMO72_60,3
HUF-2025-Q12603,23490,PR00011,LMO72_60,4
HUF-2025-Q12603,23490,PR00011,LMO72_60,5
HUF-2025-Q12603,23490,PR00011,LMO72_60,7
HUF-2025-Q12603,6490,PR00011,LMO59_60,1
HUF-2025-Q12603,18990,PR00011,LMO59_60,2
HUF-2025-Q12603,18990,PR00011,LMO59_60,3
HUF-2025-Q12603,18990,PR00011,LMO59_60,4
HUF-2025-Q12603,18990,PR00011,LMO59_60,5
HUF-2025-Q12603,19390,PR00011,LMO59_60,7
HUF-2025-Q12603,51990,PR00011,ATF60,1
HUF-2025-Q12603,54990,PR00011,ATF60,2
HUF-2025-Q12603,54990,PR00011,ATF60,3
HUF-2025-Q12603,54990,PR00011,ATF60,4
HUF-2025-Q12603,54990,PR00011,ATF60,5
HUF-2025-Q12603,55990,PR00011,ATF60,7
HUF-2025-Q12603,55990,PR00011,AML40P_J,1
HUF-2025-Q12603,67990,PR00011,AML40P_J,2
HUF-2025-Q12603,67990,PR00011,AML40P_J,3
HUF-2025-Q12603,67990,PR00011,AML40P_J,4
HUF-2025-Q12603,67990,PR00011,AML40P_J,5
HUF-2025-Q12603,68990,PR00011,AML40P_J,7
HUF-2025-Q12603,55990,PR00011,AML40P_B,1
HUF-2025-Q12603,67990,PR00011,AML40P_B,2
HUF-2025-Q12603,67990,PR00011,AML40P_B,3
HUF-2025-Q12603,67990,PR00011,AML40P_B,4
HUF-2025-Q12603,67990,PR00011,AML40P_B,5
HUF-2025-Q12603,68990,PR00011,AML40P_B,7
HUF-2025-Q12603,55990,PR00011,AML45P_J,1
HUF-2025-Q12603,71990,PR00011,AML45P_J,2
HUF-2025-Q12603,71990,PR00011,AML45P_J,3
HUF-2025-Q12603,71990,PR00011,AML45P_J,4
HUF-2025-Q12603,71990,PR00011,AML45P_J,5
HUF-2025-Q12603,73990,PR00011,AML45P_J,7
HUF-2025-Q12603,55990,PR00011,AML45P_B,1
HUF-2025-Q12603,71990,PR00011,AML45P_B,2
HUF-2025-Q12603,71990,PR00011,AML45P_B,3
HUF-2025-Q12603,71990,PR00011,AML45P_B,4
HUF-2025-Q12603,71990,PR00011,AML45P_B,5
HUF-2025-Q12603,73990,PR00011,AML45P_B,7
HUF-2025-Q12603,63990,PR00011,AML60P_J,1
HUF-2025-Q12603,83990,PR00011,AML60P_J,2
HUF-2025-Q12603,83990,PR00011,AML60P_J,3
HUF-2025-Q12603,83990,PR00011,AML60P_J,4
HUF-2025-Q12603,83990,PR00011,AML60P_J,5
HUF-2025-Q12603,84990,PR00011,AML60P_J,7
HUF-2025-Q12603,79990,PR00011,AML90P,1
HUF-2025-Q12603,131990,PR00011,AML90P,2
HUF-2025-Q12603,131990,PR00011,AML90P,3
HUF-2025-Q12603,131990,PR00011,AML90P,4
HUF-2025-Q12603,131990,PR00011,AML90P,5
HUF-2025-Q12603,133990,PR00011,AML90P,7
HUF-2025-Q12603,61990,PR00011,AF40,1
HUF-2025-Q12603,118990,PR00011,AF40,2
HUF-2025-Q12603,118990,PR00011,AF40,3
HUF-2025-Q12603,118990,PR00011,AF40,4
HUF-2025-Q12603,118990,PR00011,AF40,5
HUF-2025-Q12603,140990,PR00011,AF40,7
HUF-2025-Q12603,62990,PR00011,AF45,1
HUF-2025-Q12603,122990,PR00011,AF45,2
HUF-2025-Q12603,122990,PR00011,AF45,3
HUF-2025-Q12603,122990,PR00011,AF45,4
HUF-2025-Q12603,122990,PR00011,AF45,5
HUF-2025-Q12603,144990,PR00011,AF45,7
HUF-2025-Q12603,63990,PR00011,AF50,1
HUF-2025-Q12603,127990,PR00011,AF50,2
HUF-2025-Q12603,127990,PR00011,AF50,3
HUF-2025-Q12603,127990,PR00011,AF50,4
HUF-2025-Q12603,127990,PR00011,AF50,5
HUF-2025-Q12603,149990,PR00011,AF50,7
HUF-2025-Q12603,64990,PR00011,AF60,1
HUF-2025-Q12603,136990,PR00011,AF60,2
HUF-2025-Q12603,136990,PR00011,AF60,3
HUF-2025-Q12603,136990,PR00011,AF60,4
HUF-2025-Q12603,136990,PR00011,AF60,5
HUF-2025-Q12603,158990,PR00011,AF60,7
HUF-2025-Q12603,83990,PR00011,AF80,1
HUF-2025-Q12603,153990,PR00011,AF80,2
HUF-2025-Q12603,153990,PR00011,AF80,3
HUF-2025-Q12603,153990,PR00011,AF80,4
HUF-2025-Q12603,153990,PR00011,AF80,5
HUF-2025-Q12603,175990,PR00011,AF80,7
HUF-2025-Q12603,101990,PR00011,AF90,1
HUF-2025-Q12603,165990,PR00011,AF90,2
HUF-2025-Q12603,165990,PR00011,AF90,3
HUF-2025-Q12603,165990,PR00011,AF90,4
HUF-2025-Q12603,165990,PR00011,AF90,5
HUF-2025-Q12603,187990,PR00011,AF90,7
HUF-2025-Q12603,8490,PR00011,LOTA_OTA,1
HUF-2025-Q12603,8490,PR00011,LOTA_OTA,2
HUF-2025-Q12603,8490,PR00011,LOTA_OTA,3
HUF-2025-Q12603,8490,PR00011,LOTA_OTA,4
HUF-2025-Q12603,8490,PR00011,LOTA_OTA,5
HUF-2025-Q12603,12590,PR00011,LOTA_OTA,7
HUF-2025-Q12603,7490,PR00011,LOTA_OTAF,1
HUF-2025-Q12603,7390,PR00011,LOTA_OTAF,2
HUF-2025-Q12603,7390,PR00011,LOTA_OTAF,3
HUF-2025-Q12603,7390,PR00011,LOTA_OTAF,4
HUF-2025-Q12603,7390,PR00011,LOTA_OTAF,5
HUF-2025-Q12603,10990,PR00011,LOTA_OTAF,7
HUF-2025-Q12603,21990,PR00011,LOTA_OTAA,1
HUF-2025-Q12603,21990,PR00011,LOTA_OTAA,2
HUF-2025-Q12603,21990,PR00011,LOTA_OTAA,3
HUF-2025-Q12603,21990,PR00011,LOTA_OTAA,4
HUF-2025-Q12603,21990,PR00011,LOTA_OTAA,5
HUF-2025-Q12603,32690,PR00011,LOTA_OTAA,7
HUF-2025-Q12603,53990,PR00011,AS95_J,1
HUF-2025-Q12603,66990,PR00011,AS95_J,2
HUF-2025-Q12603,66990,PR00011,AS95_J,3
HUF-2025-Q12603,66990,PR00011,AS95_J,4
HUF-2025-Q12603,66990,PR00011,AS95_J,5
HUF-2025-Q12603,67990,PR00011,AS95_J,7
HUF-2025-Q12603,53990,PR00011,AS95_B,1
HUF-2025-Q12603,66990,PR00011,AS95_B,2
HUF-2025-Q12603,66990,PR00011,AS95_B,3
HUF-2025-Q12603,66990,PR00011,AS95_B,4
HUF-2025-Q12603,66990,PR00011,AS95_B,5
HUF-2025-Q12603,67990,PR00011,AS95_B,7
HUF-2025-Q12603,46990,PR00011,ASM95_J,1
HUF-2025-Q12603,62990,PR00011,ASM95_J,2
HUF-2025-Q12603,62990,PR00011,ASM95_J,3
HUF-2025-Q12603,62990,PR00011,ASM95_J,4
HUF-2025-Q12603,62990,PR00011,ASM95_J,5
HUF-2025-Q12603,63990,PR00011,ASM95_J,7
HUF-2025-Q12603,46990,PR00011,ASM95_B,1
HUF-2025-Q12603,62990,PR00011,ASM95_B,2
HUF-2025-Q12603,62990,PR00011,ASM95_B,3
HUF-2025-Q12603,62990,PR00011,ASM95_B,4
HUF-2025-Q12603,62990,PR00011,ASM95_B,5
HUF-2025-Q12603,63990,PR00011,ASM95_B,7
HUF-2025-Q12603,54990,PR00011,AS105_J,1
HUF-2025-Q12603,69990,PR00011,AS105_J,2
HUF-2025-Q12603,69990,PR00011,AS105_J,3
HUF-2025-Q12603,69990,PR00011,AS105_J,4
HUF-2025-Q12603,69990,PR00011,AS105_J,5
HUF-2025-Q12603,71990,PR00011,AS105_J,7
HUF-2025-Q12603,54990,PR00011,AS105_B,1
HUF-2025-Q12603,69990,PR00011,AS105_B,2
HUF-2025-Q12603,69990,PR00011,AS105_B,3
HUF-2025-Q12603,69990,PR00011,AS105_B,4
HUF-2025-Q12603,69990,PR00011,AS105_B,5
HUF-2025-Q12603,71990,PR00011,AS105_B,7
HUF-2025-Q12603,49990,PR00011,ASM105_J,1
HUF-2025-Q12603,63990,PR00011,ASM105_J,2
HUF-2025-Q12603,63990,PR00011,ASM105_J,3
HUF-2025-Q12603,63990,PR00011,ASM105_J,4
HUF-2025-Q12603,63990,PR00011,ASM105_J,5
HUF-2025-Q12603,67990,PR00011,ASM105_J,7
HUF-2025-Q12603,49990,PR00011,ASM105_B,1
HUF-2025-Q12603,63990,PR00011,ASM105_B,2
HUF-2025-Q12603,63990,PR00011,ASM105_B,3
HUF-2025-Q12603,63990,PR00011,ASM105_B,4
HUF-2025-Q12603,63990,PR00011,ASM105_B,5
HUF-2025-Q12603,67990,PR00011,ASM105_B,7
HUF-2025-Q12603,51990,PR00011,AS110_J,1
HUF-2025-Q12603,71990,PR00011,AS110_J,2
HUF-2025-Q12603,71990,PR00011,AS110_J,3
HUF-2025-Q12603,71990,PR00011,AS110_J,4
HUF-2025-Q12603,71990,PR00011,AS110_J,5
HUF-2025-Q12603,73990,PR00011,AS110_J,7
HUF-2025-Q12603,51990,PR00011,AS110_B,1
HUF-2025-Q12603,71990,PR00011,AS110_B,2
HUF-2025-Q12603,71990,PR00011,AS110_B,3
HUF-2025-Q12603,71990,PR00011,AS110_B,4
HUF-2025-Q12603,71990,PR00011,AS110_B,5
HUF-2025-Q12603,73990,PR00011,AS110_B,7
HUF-2025-Q12603,51990,PR00011,AS110MAGIC_J,1
HUF-2025-Q12603,69990,PR00011,AS110MAGIC_J,2
HUF-2025-Q12603,69990,PR00011,AS110MAGIC_J,3
HUF-2025-Q12603,69990,PR00011,AS110MAGIC_J,4
HUF-2025-Q12603,69990,PR00011,AS110MAGIC_J,5
HUF-2025-Q12603,71990,PR00011,AS110MAGIC_J,7
HUF-2025-Q12603,51990,PR00011,AS110MAGIC_B,1
HUF-2025-Q12603,69990,PR00011,AS110MAGIC_B,2
HUF-2025-Q12603,69990,PR00011,AS110MAGIC_B,3
HUF-2025-Q12603,69990,PR00011,AS110MAGIC_B,4
HUF-2025-Q12603,69990,PR00011,AS110MAGIC_B,5
HUF-2025-Q12603,71990,PR00011,AS110MAGIC_B,7
HUF-2025-Q12603,51990,PR00011,AS110VT_J,1
HUF-2025-Q12603,69990,PR00011,AS110VT_J,2
HUF-2025-Q12603,69990,PR00011,AS110VT_J,3
HUF-2025-Q12603,69990,PR00011,AS110VT_J,4
HUF-2025-Q12603,69990,PR00011,AS110VT_J,5
HUF-2025-Q12603,71990,PR00011,AS110VT_J,7
HUF-2025-Q12603,51990,PR00011,AS110VT_B,1
HUF-2025-Q12603,69990,PR00011,AS110VT_B,2
HUF-2025-Q12603,69990,PR00011,AS110VT_B,3
HUF-2025-Q12603,69990,PR00011,AS110VT_B,4
HUF-2025-Q12603,69990,PR00011,AS110VT_B,5
HUF-2025-Q12603,71990,PR00011,AS110VT_B,7
HUF-2025-Q12603,50990,PR00011,ASM110_J,1
HUF-2025-Q12603,69990,PR00011,ASM110_J,2
HUF-2025-Q12603,69990,PR00011,ASM110_J,3
HUF-2025-Q12603,69990,PR00011,ASM110_J,4
HUF-2025-Q12603,69990,PR00011,ASM110_J,5
HUF-2025-Q12603,70990,PR00011,ASM110_J,7
HUF-2025-Q12603,50990,PR00011,ASM110_B,1
HUF-2025-Q12603,69990,PR00011,ASM110_B,2
HUF-2025-Q12603,69990,PR00011,ASM110_B,3
HUF-2025-Q12603,69990,PR00011,ASM110_B,4
HUF-2025-Q12603,69990,PR00011,ASM110_B,5
HUF-2025-Q12603,70990,PR00011,ASM110_B,7
HUF-2025-Q12603,90990,PR00011,K40_J,1
HUF-2025-Q12603,120990,PR00011,K40_J,2
HUF-2025-Q12603,120990,PR00011,K40_J,3
HUF-2025-Q12603,120990,PR00011,K40_J,4
HUF-2025-Q12603,120990,PR00011,K40_J,5
HUF-2025-Q12603,122990,PR00011,K40_J,7
HUF-2025-Q12603,90990,PR00011,K40_B,1
HUF-2025-Q12603,120990,PR00011,K40_B,2
HUF-2025-Q12603,120990,PR00011,K40_B,3
HUF-2025-Q12603,120990,PR00011,K40_B,4
HUF-2025-Q12603,120990,PR00011,K40_B,5
HUF-2025-Q12603,122990,PR00011,K40_B,7
HUF-2025-Q12603,90990,PR00011,KTB60_J,1
HUF-2025-Q12603,136990,PR00011,KTB60_J,2
HUF-2025-Q12603,136990,PR00011,KTB60_J,3
HUF-2025-Q12603,136990,PR00011,KTB60_J,4
HUF-2025-Q12603,136990,PR00011,KTB60_J,5
HUF-2025-Q12603,138990,PR00011,KTB60_J,7
HUF-2025-Q12603,90990,PR00011,KTB60_B,1
HUF-2025-Q12603,136990,PR00011,KTB60_B,2
HUF-2025-Q12603,136990,PR00011,KTB60_B,3
HUF-2025-Q12603,136990,PR00011,KTB60_B,4
HUF-2025-Q12603,136990,PR00011,KTB60_B,5
HUF-2025-Q12603,138990,PR00011,KTB60_B,7
HUF-2025-Q12603,82990,PR00011,KMTB60_J,1
HUF-2025-Q12603,136990,PR00011,KMTB60_J,2
HUF-2025-Q12603,136990,PR00011,KMTB60_J,3
HUF-2025-Q12603,136990,PR00011,KMTB60_J,4
HUF-2025-Q12603,136990,PR00011,KMTB60_J,5
HUF-2025-Q12603,139990,PR00011,KMTB60_J,7
HUF-2025-Q12603,82990,PR00011,KMTB60_B,1
HUF-2025-Q12603,136990,PR00011,KMTB60_B,2
HUF-2025-Q12603,136990,PR00011,KMTB60_B,3
HUF-2025-Q12603,136990,PR00011,KMTB60_B,4
HUF-2025-Q12603,136990,PR00011,KMTB60_B,5
HUF-2025-Q12603,139990,PR00011,KMTB60_B,7
HUF-2025-Q12603,103990,PR00011,KMTB60F,1
HUF-2025-Q12603,209990,PR00011,KMTB60F,2
HUF-2025-Q12603,209990,PR00011,KMTB60F,3
HUF-2025-Q12603,209990,PR00011,KMTB60F,4
HUF-2025-Q12603,209990,PR00011,KMTB60F,5
HUF-2025-Q12603,232990,PR00011,KMTB60F,7
HUF-2025-Q12603,103990,PR00011,KMTB602F,1
HUF-2025-Q12603,209990,PR00011,KMTB602F,2
HUF-2025-Q12603,209990,PR00011,KMTB602F,3
HUF-2025-Q12603,209990,PR00011,KMTB602F,4
HUF-2025-Q12603,209990,PR00011,KMTB602F,5
HUF-2025-Q12603,228990,PR00011,KMTB602F,7
HUF-2025-Q12603,125990,PR00011,K60F_J,1
HUF-2025-Q12603,244990,PR00011,K60F_J,2
HUF-2025-Q12603,244990,PR00011,K60F_J,3
HUF-2025-Q12603,244990,PR00011,K60F_J,4
HUF-2025-Q12603,244990,PR00011,K60F_J,5
HUF-2025-Q12603,267990,PR00011,K60F_J,7
HUF-2025-Q12603,125990,PR00011,K60F_B,1
HUF-2025-Q12603,244990,PR00011,K60F_B,2
HUF-2025-Q12603,244990,PR00011,K60F_B,3
HUF-2025-Q12603,244990,PR00011,K60F_B,4
HUF-2025-Q12603,244990,PR00011,K60F_B,5
HUF-2025-Q12603,267990,PR00011,K60F_B,7
HUF-2025-Q12603,103990,PR00011,KMTB60K_J,1
HUF-2025-Q12603,172990,PR00011,KMTB60K_J,2
HUF-2025-Q12603,172990,PR00011,KMTB60K_J,3
HUF-2025-Q12603,172990,PR00011,KMTB60K_J,4
HUF-2025-Q12603,172990,PR00011,KMTB60K_J,5
HUF-2025-Q12603,175990,PR00011,KMTB60K_J,7
HUF-2025-Q12603,103990,PR00011,KMTB60K_B,1
HUF-2025-Q12603,172990,PR00011,KMTB60K_B,2
HUF-2025-Q12603,172990,PR00011,KMTB60K_B,3
HUF-2025-Q12603,172990,PR00011,KMTB60K_B,4
HUF-2025-Q12603,172990,PR00011,KMTB60K_B,5
HUF-2025-Q12603,175990,PR00011,KMTB60K_B,7
HUF-2025-Q12603,106990,PR00011,KMTH60_J,1
HUF-2025-Q12603,163990,PR00011,KMTH60_J,2
HUF-2025-Q12603,163990,PR00011,KMTH60_J,3
HUF-2025-Q12603,163990,PR00011,KMTH60_J,4
HUF-2025-Q12603,163990,PR00011,KMTH60_J,5
HUF-2025-Q12603,165990,PR00011,KMTH60_J,7
HUF-2025-Q12603,106990,PR00011,KMTH60_B,1
HUF-2025-Q12603,163990,PR00011,KMTH60_B,2
HUF-2025-Q12603,163990,PR00011,KMTH60_B,3
HUF-2025-Q12603,163990,PR00011,KMTH60_B,4
HUF-2025-Q12603,163990,PR00011,KMTH60_B,5
HUF-2025-Q12603,165990,PR00011,KMTH60_B,7
HUF-2025-Q12603,106990,PR00011,K60R_J,1
HUF-2025-Q12603,163990,PR00011,K60R_J,2
HUF-2025-Q12603,163990,PR00011,K60R_J,3
HUF-2025-Q12603,163990,PR00011,K60R_J,4
HUF-2025-Q12603,163990,PR00011,K60R_J,5
HUF-2025-Q12603,164990,PR00011,K60R_J,7
HUF-2025-Q12603,106990,PR00011,K60R_B,1
HUF-2025-Q12603,163990,PR00011,K60R_B,2
HUF-2025-Q12603,163990,PR00011,K60R_B,3
HUF-2025-Q12603,163990,PR00011,K60R_B,4
HUF-2025-Q12603,163990,PR00011,K60R_B,5
HUF-2025-Q12603,164990,PR00011,K60R_B,7
HUF-2025-Q12603,110990,PR00011,K60_J,1
HUF-2025-Q12603,172990,PR00011,K60_J,2
HUF-2025-Q12603,172990,PR00011,K60_J,3
HUF-2025-Q12603,172990,PR00011,K60_J,4
HUF-2025-Q12603,172990,PR00011,K60_J,5
HUF-2025-Q12603,174990,PR00011,K60_J,7
HUF-2025-Q12603,110990,PR00011,K60_B,1
HUF-2025-Q12603,172990,PR00011,K60_B,2
HUF-2025-Q12603,172990,PR00011,K60_B,3
HUF-2025-Q12603,172990,PR00011,K60_B,4
HUF-2025-Q12603,172990,PR00011,K60_B,5
HUF-2025-Q12603,174990,PR00011,K60_B,7
HUF-2025-Q12603,90990,PR00011,K40R,1
HUF-2025-Q12603,120990,PR00011,K40R,2
HUF-2025-Q12603,120990,PR00011,K40R,3
HUF-2025-Q12603,120990,PR00011,K40R,4
HUF-2025-Q12603,120990,PR00011,K40R,5
HUF-2025-Q12603,121990,PR00011,K40R,7
HUF-2025-Q12603,65990,PR00011,KF60_J,1
HUF-2025-Q12603,95990,PR00011,KF60_J,2
HUF-2025-Q12603,95990,PR00011,KF60_J,3
HUF-2025-Q12603,95990,PR00011,KF60_J,4
HUF-2025-Q12603,95990,PR00011,KF60_J,5
HUF-2025-Q12603,96990,PR00011,KF60_J,7
HUF-2025-Q12603,65990,PR00011,KF60_B,1
HUF-2025-Q12603,95990,PR00011,KF60_B,2
HUF-2025-Q12603,95990,PR00011,KF60_B,3
HUF-2025-Q12603,95990,PR00011,KF60_B,4
HUF-2025-Q12603,95990,PR00011,KF60_B,5
HUF-2025-Q12603,96990,PR00011,KF60_B,7
HUF-2025-Q12603,83990,PR00011,KF60F,1
HUF-2025-Q12603,157990,PR00011,KF60F,2
HUF-2025-Q12603,157990,PR00011,KF60F,3
HUF-2025-Q12603,157990,PR00011,KF60F,4
HUF-2025-Q12603,157990,PR00011,KF60F,5
HUF-2025-Q12603,179990,PR00011,KF60F,7
HUF-2025-Q12603,41990,PR00011,F30_J,1
HUF-2025-Q12603,49990,PR00011,F30_J,2
HUF-2025-Q12603,49990,PR00011,F30_J,3
HUF-2025-Q12603,49990,PR00011,F30_J,4
HUF-2025-Q12603,49990,PR00011,F30_J,5
HUF-2025-Q12603,51990,PR00011,F30_J,7
HUF-2025-Q12603,41990,PR00011,F30_B,1
HUF-2025-Q12603,49990,PR00011,F30_B,2
HUF-2025-Q12603,49990,PR00011,F30_B,3
HUF-2025-Q12603,49990,PR00011,F30_B,4
HUF-2025-Q12603,49990,PR00011,F30_B,5
HUF-2025-Q12603,51990,PR00011,F30_B,7
HUF-2025-Q12603,42990,PR00011,F35_J,1
HUF-2025-Q12603,52990,PR00011,F35_J,2
HUF-2025-Q12603,52990,PR00011,F35_J,3
HUF-2025-Q12603,52990,PR00011,F35_J,4
HUF-2025-Q12603,52990,PR00011,F35_J,5
HUF-2025-Q12603,53990,PR00011,F35_J,7
HUF-2025-Q12603,42990,PR00011,F35_B,1
HUF-2025-Q12603,52990,PR00011,F35_B,2
HUF-2025-Q12603,52990,PR00011,F35_B,3
HUF-2025-Q12603,52990,PR00011,F35_B,4
HUF-2025-Q12603,52990,PR00011,F35_B,5
HUF-2025-Q12603,53990,PR00011,F35_B,7
HUF-2025-Q12603,44990,PR00011,F40_J,1
HUF-2025-Q12603,54990,PR00011,F40_J,2
HUF-2025-Q12603,54990,PR00011,F40_J,3
HUF-2025-Q12603,54990,PR00011,F40_J,4
HUF-2025-Q12603,54990,PR00011,F40_J,5
HUF-2025-Q12603,56990,PR00011,F40_J,7
HUF-2025-Q12603,44990,PR00011,F40_B,1
HUF-2025-Q12603,54990,PR00011,F40_B,2
HUF-2025-Q12603,54990,PR00011,F40_B,3
HUF-2025-Q12603,54990,PR00011,F40_B,4
HUF-2025-Q12603,54990,PR00011,F40_B,5
HUF-2025-Q12603,56990,PR00011,F40_B,7
HUF-2025-Q12603,44990,PR00011,F45_J,1
HUF-2025-Q12603,56990,PR00011,F45_J,2
HUF-2025-Q12603,56990,PR00011,F45_J,3
HUF-2025-Q12603,56990,PR00011,F45_J,4
HUF-2025-Q12603,56990,PR00011,F45_J,5
HUF-2025-Q12603,58990,PR00011,F45_J,7
HUF-2025-Q12603,44990,PR00011,F45_B,1
HUF-2025-Q12603,56990,PR00011,F45_B,2
HUF-2025-Q12603,56990,PR00011,F45_B,3
HUF-2025-Q12603,56990,PR00011,F45_B,4
HUF-2025-Q12603,56990,PR00011,F45_B,5
HUF-2025-Q12603,58990,PR00011,F45_B,7
HUF-2025-Q12603,45990,PR00011,F50_J,1
HUF-2025-Q12603,59990,PR00011,F50_J,2
HUF-2025-Q12603,59990,PR00011,F50_J,3
HUF-2025-Q12603,59990,PR00011,F50_J,4
HUF-2025-Q12603,59990,PR00011,F50_J,5
HUF-2025-Q12603,61990,PR00011,F50_J,7
HUF-2025-Q12603,45990,PR00011,F50_B,1
HUF-2025-Q12603,59990,PR00011,F50_B,2
HUF-2025-Q12603,59990,PR00011,F50_B,3
HUF-2025-Q12603,59990,PR00011,F50_B,4
HUF-2025-Q12603,59990,PR00011,F50_B,5
HUF-2025-Q12603,61990,PR00011,F50_B,7
HUF-2025-Q12603,47990,PR00011,F60E_J,1
HUF-2025-Q12603,64990,PR00011,F60E_J,2
HUF-2025-Q12603,64990,PR00011,F60E_J,3
HUF-2025-Q12603,64990,PR00011,F60E_J,4
HUF-2025-Q12603,64990,PR00011,F60E_J,5
HUF-2025-Q12603,65990,PR00011,F60E_J,7
HUF-2025-Q12603,47990,PR00011,F60E_B,1
HUF-2025-Q12603,64990,PR00011,F60E_B,2
HUF-2025-Q12603,64990,PR00011,F60E_B,3
HUF-2025-Q12603,64990,PR00011,F60E_B,4
HUF-2025-Q12603,64990,PR00011,F60E_B,5
HUF-2025-Q12603,65990,PR00011,F60E_B,7
HUF-2025-Q12603,47990,PR00011,F60_K,1
HUF-2025-Q12603,64990,PR00011,F60_K,2
HUF-2025-Q12603,64990,PR00011,F60_K,3
HUF-2025-Q12603,64990,PR00011,F60_K,4
HUF-2025-Q12603,64990,PR00011,F60_K,5
HUF-2025-Q12603,66990,PR00011,F60_K,7
HUF-2025-Q12603,51990,PR00011,F70,1
HUF-2025-Q12603,70990,PR00011,F70,2
HUF-2025-Q12603,70990,PR00011,F70,3
HUF-2025-Q12603,70990,PR00011,F70,4
HUF-2025-Q12603,70990,PR00011,F70,5
HUF-2025-Q12603,73990,PR00011,F70,7
HUF-2025-Q12603,54990,PR00011,F80,1
HUF-2025-Q12603,72990,PR00011,F80,2
HUF-2025-Q12603,72990,PR00011,F80,3
HUF-2025-Q12603,72990,PR00011,F80,4
HUF-2025-Q12603,72990,PR00011,F80,5
HUF-2025-Q12603,74990,PR00011,F80,7
HUF-2025-Q12603,66990,PR00011,F90,1
HUF-2025-Q12603,78990,PR00011,F90,2
HUF-2025-Q12603,78990,PR00011,F90,3
HUF-2025-Q12603,78990,PR00011,F90,4
HUF-2025-Q12603,78990,PR00011,F90,5
HUF-2025-Q12603,80990,PR00011,F90,7
HUF-2025-Q12603,58990,PR00011,FU45_J,2
HUF-2025-Q12603,58990,PR00011,FU45_J,3
HUF-2025-Q12603,58990,PR00011,FU45_J,4
HUF-2025-Q12603,58990,PR00011,FU45_J,5
HUF-2025-Q12603,59990,PR00011,FU45_J,7
HUF-2025-Q12603,58990,PR00011,FU45_B,2
HUF-2025-Q12603,58990,PR00011,FU45_B,3
HUF-2025-Q12603,58990,PR00011,FU45_B,4
HUF-2025-Q12603,58990,PR00011,FU45_B,5
HUF-2025-Q12603,59990,PR00011,FU45_B,7
HUF-2025-Q12603,98990,PR00011,FU90,2
HUF-2025-Q12603,98990,PR00011,FU90,3
HUF-2025-Q12603,98990,PR00011,FU90,4
HUF-2025-Q12603,98990,PR00011,FU90,5
HUF-2025-Q12603,100990,PR00011,FU90,7
HUF-2025-Q12603,37990,PR00011,FMF30,1
HUF-2025-Q12603,51990,PR00011,FMF30,2
HUF-2025-Q12603,51990,PR00011,FMF30,3
HUF-2025-Q12603,51990,PR00011,FMF30,4
HUF-2025-Q12603,51990,PR00011,FMF30,5
HUF-2025-Q12603,53990,PR00011,FMF30,7
HUF-2025-Q12603,38990,PR00011,FMF35,1
HUF-2025-Q12603,53990,PR00011,FMF35,2
HUF-2025-Q12603,53990,PR00011,FMF35,3
HUF-2025-Q12603,53990,PR00011,FMF35,4
HUF-2025-Q12603,53990,PR00011,FMF35,5
HUF-2025-Q12603,54990,PR00011,FMF35,7
HUF-2025-Q12603,38990,PR00011,FMF40,1
HUF-2025-Q12603,54990,PR00011,FMF40,2
HUF-2025-Q12603,54990,PR00011,FMF40,3
HUF-2025-Q12603,54990,PR00011,FMF40,4
HUF-2025-Q12603,54990,PR00011,FMF40,5
HUF-2025-Q12603,55990,PR00011,FMF40,7
HUF-2025-Q12603,39990,PR00011,FMF45,1
HUF-2025-Q12603,55990,PR00011,FMF45,2
HUF-2025-Q12603,55990,PR00011,FMF45,3
HUF-2025-Q12603,55990,PR00011,FMF45,4
HUF-2025-Q12603,55990,PR00011,FMF45,5
HUF-2025-Q12603,56990,PR00011,FMF45,7
HUF-2025-Q12603,40990,PR00011,FMF50,1
HUF-2025-Q12603,56990,PR00011,FMF50,2
HUF-2025-Q12603,56990,PR00011,FMF50,3
HUF-2025-Q12603,56990,PR00011,FMF50,4
HUF-2025-Q12603,56990,PR00011,FMF50,5
HUF-2025-Q12603,57990,PR00011,FMF50,7
HUF-2025-Q12603,41990,PR00011,FMF60,1
HUF-2025-Q12603,58990,PR00011,FMF60,2
HUF-2025-Q12603,58990,PR00011,FMF60,3
HUF-2025-Q12603,58990,PR00011,FMF60,4
HUF-2025-Q12603,58990,PR00011,FMF60,5
HUF-2025-Q12603,59990,PR00011,FMF60,7
HUF-2025-Q12603,42990,PR00011,FMF70,1
HUF-2025-Q12603,61990,PR00011,FMF70,2
HUF-2025-Q12603,61990,PR00011,FMF70,3
HUF-2025-Q12603,61990,PR00011,FMF70,4
HUF-2025-Q12603,61990,PR00011,FMF70,5
HUF-2025-Q12603,62990,PR00011,FMF70,7
HUF-2025-Q12603,43990,PR00011,FMF80,1
HUF-2025-Q12603,63990,PR00011,FMF80,2
HUF-2025-Q12603,63990,PR00011,FMF80,3
HUF-2025-Q12603,63990,PR00011,FMF80,4
HUF-2025-Q12603,63990,PR00011,FMF80,5
HUF-2025-Q12603,64990,PR00011,FMF80,7
HUF-2025-Q12603,43990,PR00011,FMF90,1
HUF-2025-Q12603,65990,PR00011,FMF90,2
HUF-2025-Q12603,65990,PR00011,FMF90,3
HUF-2025-Q12603,65990,PR00011,FMF90,4
HUF-2025-Q12603,65990,PR00011,FMF90,5
HUF-2025-Q12603,66990,PR00011,FMF90,7
HUF-2025-Q12603,38990,PR00011,FKF30,1
HUF-2025-Q12603,56990,PR00011,FKF30,2
HUF-2025-Q12603,56990,PR00011,FKF30,3
HUF-2025-Q12603,56990,PR00011,FKF30,4
HUF-2025-Q12603,56990,PR00011,FKF30,5
HUF-2025-Q12603,57990,PR00011,FKF30,7
HUF-2025-Q12603,40990,PR00011,FKF35,1
HUF-2025-Q12603,57990,PR00011,FKF35,2
HUF-2025-Q12603,57990,PR00011,FKF35,3
HUF-2025-Q12603,57990,PR00011,FKF35,4
HUF-2025-Q12603,57990,PR00011,FKF35,5
HUF-2025-Q12603,58990,PR00011,FKF35,7
HUF-2025-Q12603,41990,PR00011,FKF40,1
HUF-2025-Q12603,58990,PR00011,FKF40,2
HUF-2025-Q12603,58990,PR00011,FKF40,3
HUF-2025-Q12603,58990,PR00011,FKF40,4
HUF-2025-Q12603,58990,PR00011,FKF40,5
HUF-2025-Q12603,59990,PR00011,FKF40,7
HUF-2025-Q12603,42990,PR00011,FKF45,1
HUF-2025-Q12603,59990,PR00011,FKF45,2
HUF-2025-Q12603,59990,PR00011,FKF45,3
HUF-2025-Q12603,59990,PR00011,FKF45,4
HUF-2025-Q12603,59990,PR00011,FKF45,5
HUF-2025-Q12603,60990,PR00011,FKF45,7
HUF-2025-Q12603,43990,PR00011,FKF50,1
HUF-2025-Q12603,61990,PR00011,FKF50,2
HUF-2025-Q12603,61990,PR00011,FKF50,3
HUF-2025-Q12603,61990,PR00011,FKF50,4
HUF-2025-Q12603,61990,PR00011,FKF50,5
HUF-2025-Q12603,62990,PR00011,FKF50,7
HUF-2025-Q12603,45990,PR00011,FKF60,1
HUF-2025-Q12603,64990,PR00011,FKF60,2
HUF-2025-Q12603,64990,PR00011,FKF60,3
HUF-2025-Q12603,64990,PR00011,FKF60,4
HUF-2025-Q12603,64990,PR00011,FKF60,5
HUF-2025-Q12603,65990,PR00011,FKF60,7
HUF-2025-Q12603,46990,PR00011,FKF70,1
HUF-2025-Q12603,67990,PR00011,FKF70,2
HUF-2025-Q12603,67990,PR00011,FKF70,3
HUF-2025-Q12603,67990,PR00011,FKF70,4
HUF-2025-Q12603,67990,PR00011,FKF70,5
HUF-2025-Q12603,68990,PR00011,FKF70,7
HUF-2025-Q12603,48990,PR00011,FKF80,1
HUF-2025-Q12603,68990,PR00011,FKF80,2
HUF-2025-Q12603,68990,PR00011,FKF80,3
HUF-2025-Q12603,68990,PR00011,FKF80,4
HUF-2025-Q12603,68990,PR00011,FKF80,5
HUF-2025-Q12603,71990,PR00011,FKF80,7
HUF-2025-Q12603,55990,PR00011,FKF90,1
HUF-2025-Q12603,75990,PR00011,FKF90,2
HUF-2025-Q12603,75990,PR00011,FKF90,3
HUF-2025-Q12603,75990,PR00011,FKF90,4
HUF-2025-Q12603,75990,PR00011,FKF90,5
HUF-2025-Q12603,76990,PR00011,FKF90,7
HUF-2025-Q12603,48990,PR00011,FFZ45,1
HUF-2025-Q12603,88990,PR00011,FFZ45,2
HUF-2025-Q12603,88990,PR00011,FFZ45,3
HUF-2025-Q12603,88990,PR00011,FFZ45,4
HUF-2025-Q12603,88990,PR00011,FFZ45,5
HUF-2025-Q12603,90990,PR00011,FFZ45,7
HUF-2025-Q12603,48990,PR00011,FFZ50,1
HUF-2025-Q12603,89990,PR00011,FFZ50,2
HUF-2025-Q12603,89990,PR00011,FFZ50,3
HUF-2025-Q12603,89990,PR00011,FFZ50,4
HUF-2025-Q12603,89990,PR00011,FFZ50,5
HUF-2025-Q12603,91990,PR00011,FFZ50,7
HUF-2025-Q12603,48990,PR00011,FFZ60,1
HUF-2025-Q12603,91990,PR00011,FFZ60,2
HUF-2025-Q12603,91990,PR00011,FFZ60,3
HUF-2025-Q12603,91990,PR00011,FFZ60,4
HUF-2025-Q12603,91990,PR00011,FFZ60,5
HUF-2025-Q12603,94990,PR00011,FFZ60,7
HUF-2025-Q12603,45990,PR00011,FFM60,1
HUF-2025-Q12603,73990,PR00011,FFM60,2
HUF-2025-Q12603,73990,PR00011,FFM60,3
HUF-2025-Q12603,73990,PR00011,FFM60,4
HUF-2025-Q12603,73990,PR00011,FFM60,5
HUF-2025-Q12603,74990,PR00011,FFM60,7
HUF-2025-Q12603,51990,PR00011,FFZ70,1
HUF-2025-Q12603,106990,PR00011,FFZ70,2
HUF-2025-Q12603,106990,PR00011,FFZ70,3
HUF-2025-Q12603,106990,PR00011,FFZ70,4
HUF-2025-Q12603,106990,PR00011,FFZ70,5
HUF-2025-Q12603,108990,PR00011,FFZ70,7
HUF-2025-Q12603,51990,PR00011,FFZ80,1
HUF-2025-Q12603,106990,PR00011,FFZ80,2
HUF-2025-Q12603,106990,PR00011,FFZ80,3
HUF-2025-Q12603,106990,PR00011,FFZ80,4
HUF-2025-Q12603,106990,PR00011,FFZ80,5
HUF-2025-Q12603,108990,PR00011,FFZ80,7
HUF-2025-Q12603,66990,PR00011,FFZ90,1
HUF-2025-Q12603,114990,PR00011,FFZ90,2
HUF-2025-Q12603,114990,PR00011,FFZ90,3
HUF-2025-Q12603,114990,PR00011,FFZ90,4
HUF-2025-Q12603,114990,PR00011,FFZ90,5
HUF-2025-Q12603,116990,PR00011,FFZ90,7
HUF-2025-Q12603,122990,PR00011,FF90,2
HUF-2025-Q12603,122990,PR00011,FF90,3
HUF-2025-Q12603,122990,PR00011,FF90,4
HUF-2025-Q12603,122990,PR00011,FF90,5
HUF-2025-Q12603,123990,PR00011,FF90,7
HUF-2025-Q12603,49990,PR00011,F30_2A_J,2
HUF-2025-Q12603,49990,PR00011,F30_2A_J,3
HUF-2025-Q12603,49990,PR00011,F30_2A_J,4
HUF-2025-Q12603,49990,PR00011,F30_2A_J,5
HUF-2025-Q12603,51990,PR00011,F30_2A_J,7
HUF-2025-Q12603,49990,PR00011,F30_2A_B,2
HUF-2025-Q12603,49990,PR00011,F30_2A_B,3
HUF-2025-Q12603,49990,PR00011,F30_2A_B,4
HUF-2025-Q12603,49990,PR00011,F30_2A_B,5
HUF-2025-Q12603,51990,PR00011,F30_2A_B,7
HUF-2025-Q12603,52990,PR00011,F35_2A_J,2
HUF-2025-Q12603,52990,PR00011,F35_2A_J,3
HUF-2025-Q12603,52990,PR00011,F35_2A_J,4
HUF-2025-Q12603,52990,PR00011,F35_2A_J,5
HUF-2025-Q12603,53990,PR00011,F35_2A_J,7
HUF-2025-Q12603,52990,PR00011,F35_2A_B,2
HUF-2025-Q12603,52990,PR00011,F35_2A_B,3
HUF-2025-Q12603,52990,PR00011,F35_2A_B,4
HUF-2025-Q12603,52990,PR00011,F35_2A_B,5
HUF-2025-Q12603,53990,PR00011,F35_2A_B,7
HUF-2025-Q12603,54990,PR00011,F40_2A_J,2
HUF-2025-Q12603,54990,PR00011,F40_2A_J,3
HUF-2025-Q12603,54990,PR00011,F40_2A_J,4
HUF-2025-Q12603,54990,PR00011,F40_2A_J,5
HUF-2025-Q12603,56990,PR00011,F40_2A_J,7
HUF-2025-Q12603,54990,PR00011,F40_2A_B,2
HUF-2025-Q12603,54990,PR00011,F40_2A_B,3
HUF-2025-Q12603,54990,PR00011,F40_2A_B,4
HUF-2025-Q12603,54990,PR00011,F40_2A_B,5
HUF-2025-Q12603,56990,PR00011,F40_2A_B,7
HUF-2025-Q12603,56990,PR00011,F45_2A_J,2
HUF-2025-Q12603,56990,PR00011,F45_2A_J,3
HUF-2025-Q12603,56990,PR00011,F45_2A_J,4
HUF-2025-Q12603,56990,PR00011,F45_2A_J,5
HUF-2025-Q12603,58990,PR00011,F45_2A_J,7
HUF-2025-Q12603,56990,PR00011,F45_2A_B,2
HUF-2025-Q12603,56990,PR00011,F45_2A_B,3
HUF-2025-Q12603,56990,PR00011,F45_2A_B,4
HUF-2025-Q12603,56990,PR00011,F45_2A_B,5
HUF-2025-Q12603,58990,PR00011,F45_2A_B,7
HUF-2025-Q12603,60990,PR00011,FUZ45_J,2
HUF-2025-Q12603,60990,PR00011,FUZ45_J,3
HUF-2025-Q12603,60990,PR00011,FUZ45_J,4
HUF-2025-Q12603,60990,PR00011,FUZ45_J,5
HUF-2025-Q12603,62990,PR00011,FUZ45_J,7
HUF-2025-Q12603,60990,PR00011,FUZ45_B,2
HUF-2025-Q12603,60990,PR00011,FUZ45_B,3
HUF-2025-Q12603,60990,PR00011,FUZ45_B,4
HUF-2025-Q12603,60990,PR00011,FUZ45_B,5
HUF-2025-Q12603,62990,PR00011,FUZ45_B,7
HUF-2025-Q12603,40990,PR00011,EF50,1
HUF-2025-Q12603,56990,PR00011,EF50,2
HUF-2025-Q12603,56990,PR00011,EF50,3
HUF-2025-Q12603,56990,PR00011,EF50,4
HUF-2025-Q12603,56990,PR00011,EF50,5
HUF-2025-Q12603,57990,PR00011,EF50,7
HUF-2025-Q12603,43990,PR00011,EFT50,1
HUF-2025-Q12603,53990,PR00011,EFT50,2
HUF-2025-Q12603,53990,PR00011,EFT50,3
HUF-2025-Q12603,53990,PR00011,EFT50,4
HUF-2025-Q12603,53990,PR00011,EFT50,5
HUF-2025-Q12603,55990,PR00011,EFT50,7
HUF-2025-Q12603,42990,PR00011,EFT50F,1
HUF-2025-Q12603,63990,PR00011,EFT50F,2
HUF-2025-Q12603,63990,PR00011,EFT50F,3
HUF-2025-Q12603,63990,PR00011,EFT50F,4
HUF-2025-Q12603,63990,PR00011,EFT50F,5
HUF-2025-Q12603,64990,PR00011,EFT50F,7
HUF-2025-Q12603,41990,PR00011,EF60,1
HUF-2025-Q12603,58990,PR00011,EF60,2
HUF-2025-Q12603,58990,PR00011,EF60,3
HUF-2025-Q12603,58990,PR00011,EF60,4
HUF-2025-Q12603,58990,PR00011,EF60,5
HUF-2025-Q12603,59990,PR00011,EF60,7
HUF-2025-Q12603,44990,PR00011,EFT60_K,1
HUF-2025-Q12603,58990,PR00011,EFT60_K,2
HUF-2025-Q12603,58990,PR00011,EFT60_K,3
HUF-2025-Q12603,58990,PR00011,EFT60_K,4
HUF-2025-Q12603,58990,PR00011,EFT60_K,5
HUF-2025-Q12603,59990,PR00011,EFT60_K,7
HUF-2025-Q12603,43990,PR00011,EFT60F,1
HUF-2025-Q12603,65990,PR00011,EFT60F,2
HUF-2025-Q12603,65990,PR00011,EFT60F,3
HUF-2025-Q12603,65990,PR00011,EFT60F,4
HUF-2025-Q12603,65990,PR00011,EFT60F,5
HUF-2025-Q12603,66990,PR00011,EFT60F,7
HUF-2025-Q12603,37990,PR00011,FNY20,1
HUF-2025-Q12603,39990,PR00011,FNY20,2
HUF-2025-Q12603,39990,PR00011,FNY20,3
HUF-2025-Q12603,39990,PR00011,FNY20,4
HUF-2025-Q12603,39990,PR00011,FNY20,5
HUF-2025-Q12603,40990,PR00011,FNY20,7
HUF-2025-Q12603,35990,PR00011,FMFNY20,1
HUF-2025-Q12603,38990,PR00011,FMFNY20,2
HUF-2025-Q12603,38990,PR00011,FMFNY20,3
HUF-2025-Q12603,38990,PR00011,FMFNY20,4
HUF-2025-Q12603,38990,PR00011,FMFNY20,5
HUF-2025-Q12603,39900,PR00011,FMFNY20,7
HUF-2025-Q12603,37990,PR00011,FVZ30_J,1
HUF-2025-Q12603,40990,PR00011,FVZ30_J,2
HUF-2025-Q12603,40990,PR00011,FVZ30_J,3
HUF-2025-Q12603,40990,PR00011,FVZ30_J,4
HUF-2025-Q12603,40990,PR00011,FVZ30_J,5
HUF-2025-Q12603,44990,PR00011,FVZ30_J,7
HUF-2025-Q12603,37990,PR00011,FVZ30_B,1
HUF-2025-Q12603,40990,PR00011,FVZ30_B,2
HUF-2025-Q12603,40990,PR00011,FVZ30_B,3
HUF-2025-Q12603,40990,PR00011,FVZ30_B,4
HUF-2025-Q12603,40990,PR00011,FVZ30_B,5
HUF-2025-Q12603,44990,PR00011,FVZ30_B,7
HUF-2025-Q12603,43990,PR00011,FMFSZ_J,1
HUF-2025-Q12603,48990,PR00011,FMFSZ_J,2
HUF-2025-Q12603,48990,PR00011,FMFSZ_J,3
HUF-2025-Q12603,48990,PR00011,FMFSZ_J,4
HUF-2025-Q12603,48990,PR00011,FMFSZ_J,5
HUF-2025-Q12603,49990,PR00011,FMFSZ_J,7
HUF-2025-Q12603,43990,PR00011,FMFSZ_B,1
HUF-2025-Q12603,48990,PR00011,FMFSZ_B,2
HUF-2025-Q12603,48990,PR00011,FMFSZ_B,3
HUF-2025-Q12603,48990,PR00011,FMFSZ_B,4
HUF-2025-Q12603,48990,PR00011,FMFSZ_B,5
HUF-2025-Q12603,49990,PR00011,FMFSZ_B,7
HUF-2025-Q12603,50990,PR00011,FSZ_J,1
HUF-2025-Q12603,60990,PR00011,FSZ_J,2
HUF-2025-Q12603,60990,PR00011,FSZ_J,3
HUF-2025-Q12603,60990,PR00011,FSZ_J,4
HUF-2025-Q12603,60990,PR00011,FSZ_J,5
HUF-2025-Q12603,61990,PR00011,FSZ_J,7
HUF-2025-Q12603,50990,PR00011,FSZ_B,1
HUF-2025-Q12603,60990,PR00011,FSZ_B,2
HUF-2025-Q12603,60990,PR00011,FSZ_B,3
HUF-2025-Q12603,60990,PR00011,FSZ_B,4
HUF-2025-Q12603,60990,PR00011,FSZ_B,5
HUF-2025-Q12603,61990,PR00011,FSZ_B,7
HUF-2025-Q12603,63990,PR00011,FSZ_2A_J,2
HUF-2025-Q12603,63990,PR00011,FSZ_2A_J,3
HUF-2025-Q12603,63990,PR00011,FSZ_2A_J,4
HUF-2025-Q12603,63990,PR00011,FSZ_2A_J,5
HUF-2025-Q12603,65990,PR00011,FSZ_2A_J,7
HUF-2025-Q12603,63990,PR00011,FSZ_2A_B,2
HUF-2025-Q12603,63990,PR00011,FSZ_2A_B,3
HUF-2025-Q12603,63990,PR00011,FSZ_2A_B,4
HUF-2025-Q12603,63990,PR00011,FSZ_2A_B,5
HUF-2025-Q12603,65990,PR00011,FSZ_2A_B,7
HUF-2025-Q12603,56990,PR00011,FU40_J,2
HUF-2025-Q12603,56990,PR00011,FU40_J,3
HUF-2025-Q12603,56990,PR00011,FU40_J,4
HUF-2025-Q12603,56990,PR00011,FU40_J,5
HUF-2025-Q12603,57990,PR00011,FU40_J,7
HUF-2025-Q12603,56990,PR00011,FU40_B,2
HUF-2025-Q12603,56990,PR00011,FU40_B,3
HUF-2025-Q12603,56990,PR00011,FU40_B,4
HUF-2025-Q12603,56990,PR00011,FU40_B,5
HUF-2025-Q12603,57990,PR00011,FU40_B,7
HUF-2025-Q12603,87990,PR00011,FU80,2
HUF-2025-Q12603,87990,PR00011,FU80,3
HUF-2025-Q12603,87990,PR00011,FU80,4
HUF-2025-Q12603,87990,PR00011,FU80,5
HUF-2025-Q12603,89990,PR00011,FU80,7
HUF-2025-Q12603,66990,PR00011,F100,1
HUF-2025-Q12603,80990,PR00011,F100,2
HUF-2025-Q12603,80990,PR00011,F100,3
HUF-2025-Q12603,80990,PR00011,F100,4
HUF-2025-Q12603,80990,PR00011,F100,5
HUF-2025-Q12603,81990,PR00011,F100,7
HUF-2025-Q12603,63990,PR00011,FSU_J,2
HUF-2025-Q12603,63990,PR00011,FSU_J,3
HUF-2025-Q12603,63990,PR00011,FSU_J,4
HUF-2025-Q12603,63990,PR00011,FSU_J,5
HUF-2025-Q12603,64990,PR00011,FSU_J,7
HUF-2025-Q12603,63990,PR00011,FSU_B,2
HUF-2025-Q12603,63990,PR00011,FSU_B,3
HUF-2025-Q12603,63990,PR00011,FSU_B,4
HUF-2025-Q12603,63990,PR00011,FSU_B,5
HUF-2025-Q12603,64990,PR00011,FSU_B,7
HUF-2025-Q12603,1432,PR00011_CF00001,LE,1
HUF-2025-Q12603,1432,PR00011_CF00001,LE,2
HUF-2025-Q12603,1432,PR00011_CF00001,LE,3
HUF-2025-Q12603,1432,PR00011_CF00001,LE,4
HUF-2025-Q12603,1432,PR00011_CF00001,LE,5
HUF-2025-Q12603,2072,PR00011_CF00002,LE,7
HUF-2025-Q12603,75990,PR00011,AML80P,1
HUF-2025-Q12603,119990,PR00011,AML80P,2
HUF-2025-Q12603,119990,PR00011,AML80P,3
HUF-2025-Q12603,119990,PR00011,AML80P,4
HUF-2025-Q12603,119990,PR00011,AML80P,5
HUF-2025-Q12603,121990,PR00011,AML80P,7
HUF-2025-Q12603,63990,PR00011,AML60P_B,1
HUF-2025-Q12603,83990,PR00011,AML60P_B,2
HUF-2025-Q12603,83990,PR00011,AML60P_B,3
HUF-2025-Q12603,83990,PR00011,AML60P_B,4
HUF-2025-Q12603,83990,PR00011,AML60P_B,5
HUF-2025-Q12603,84990,PR00011,AML60P_B,7
HUF-2025-Q12603,59990,PR00011,ATF60P,1
HUF-2025-Q12603,69990,PR00011,ATF60P,2
HUF-2025-Q12603,69990,PR00011,ATF60P,3
HUF-2025-Q12603,69990,PR00011,ATF60P,4
HUF-2025-Q12603,69990,PR00011,ATF60P,5
HUF-2025-Q12603,70990,PR00011,ATF60P,7
HUF-2025-Q12603,68990,PR00011,AMO80P,1
HUF-2025-Q12603,103990,PR00011,AMO80P,2
HUF-2025-Q12603,103990,PR00011,AMO80P,3
HUF-2025-Q12603,103990,PR00011,AMO80P,4
HUF-2025-Q12603,103990,PR00011,AMO80P,5
HUF-2025-Q12603,105990,PR00011,AMO80P,7
HUF-2025-Q12603,71990,PR00011,AMO90P,1
HUF-2025-Q12603,110990,PR00011,AMO90P,2
HUF-2025-Q12603,110990,PR00011,AMO90P,3
HUF-2025-Q12603,110990,PR00011,AMO90P,4
HUF-2025-Q12603,110990,PR00011,AMO90P,5
HUF-2025-Q12603,112990,PR00011,AMO90P,7
HUF-2025-Q12603,63990,PR00011,ASL90_J,1
HUF-2025-Q12603,85990,PR00011,ASL90_J,2
HUF-2025-Q12603,85990,PR00011,ASL90_J,3
HUF-2025-Q12603,85990,PR00011,ASL90_J,4
HUF-2025-Q12603,85990,PR00011,ASL90_J,5
HUF-2025-Q12603,86990,PR00011,ASL90_J,7
HUF-2025-Q12603,63990,PR00011,ASL90_B,1
HUF-2025-Q12603,85990,PR00011,ASL90_B,2
HUF-2025-Q12603,85990,PR00011,ASL90_B,3
HUF-2025-Q12603,85990,PR00011,ASL90_B,4
HUF-2025-Q12603,85990,PR00011,ASL90_B,5
HUF-2025-Q12603,86990,PR00011,ASL90_B,7
HUF-2025-Q12603,43990,PR00011,EFT50_68_J,1
HUF-2025-Q12603,46990,PR00011,EFT50_68_J,2
HUF-2025-Q12603,46990,PR00011,EFT50_68_J,3
HUF-2025-Q12603,46990,PR00011,EFT50_68_J,4
HUF-2025-Q12603,46990,PR00011,EFT50_68_J,5
HUF-2025-Q12603,48990,PR00011,EFT50_68_J,7
HUF-2025-Q12603,43990,PR00011,EFT50_68_B,1
HUF-2025-Q12603,46990,PR00011,EFT50_68_B,2
HUF-2025-Q12603,46990,PR00011,EFT50_68_B,3
HUF-2025-Q12603,46990,PR00011,EFT50_68_B,4
HUF-2025-Q12603,46990,PR00011,EFT50_68_B,5
HUF-2025-Q12603,48990,PR00011,EFT50_68_B,7
HUF-2025-Q12603,43990,PR00011,EFT50_68_K,1
HUF-2025-Q12603,46990,PR00011,EFT50_68_K,2
HUF-2025-Q12603,46990,PR00011,EFT50_68_K,3
HUF-2025-Q12603,46990,PR00011,EFT50_68_K,4
HUF-2025-Q12603,46990,PR00011,EFT50_68_K,5
HUF-2025-Q12603,48990,PR00011,EFT50_68_K,7
HUF-2025-Q12603,45990,PR00011,EFT60_68_J,1
HUF-2025-Q12603,60990,PR00011,EFT60_68_J,2
HUF-2025-Q12603,60990,PR00011,EFT60_68_J,3
HUF-2025-Q12603,60990,PR00011,EFT60_68_J,4
HUF-2025-Q12603,60990,PR00011,EFT60_68_J,5
HUF-2025-Q12603,62990,PR00011,EFT60_68_J,7
HUF-2025-Q12603,45990,PR00011,EFT60_68_K,1
HUF-2025-Q12603,60990,PR00011,EFT60_68_K,2
HUF-2025-Q12603,60990,PR00011,EFT60_68_K,3
HUF-2025-Q12603,60990,PR00011,EFT60_68_K,4
HUF-2025-Q12603,60990,PR00011,EFT60_68_K,5
HUF-2025-Q12603,62990,PR00011,EFT60_68_K,7
HUF-2025-Q12603,47990,PR00011,EF60_72_J,1
HUF-2025-Q12603,62990,PR00011,EF60_72_J,2
HUF-2025-Q12603,62990,PR00011,EF60_72_J,3
HUF-2025-Q12603,62990,PR00011,EF60_72_J,4
HUF-2025-Q12603,62990,PR00011,EF60_72_J,5
HUF-2025-Q12603,64990,PR00011,EF60_72_J,7
HUF-2025-Q12603,47990,PR00011,EF60_72_B,1
HUF-2025-Q12603,62990,PR00011,EF60_72_B,2
HUF-2025-Q12603,62990,PR00011,EF60_72_B,3
HUF-2025-Q12603,62990,PR00011,EF60_72_B,4
HUF-2025-Q12603,62990,PR00011,EF60_72_B,5
HUF-2025-Q12603,64990,PR00011,EF60_72_B,7
HUF-2025-Q12603,56990,PR00011,FSL60_J,1
HUF-2025-Q12603,83990,PR00011,FSL60_J,2
HUF-2025-Q12603,83990,PR00011,FSL60_J,3
HUF-2025-Q12603,83990,PR00011,FSL60_J,4
HUF-2025-Q12603,83990,PR00011,FSL60_J,5
HUF-2025-Q12603,84990,PR00011,FSL60_J,7
HUF-2025-Q12603,56990,PR00011,FSL60_B,1
HUF-2025-Q12603,83990,PR00011,FSL60_B,2
HUF-2025-Q12603,83990,PR00011,FSL60_B,3
HUF-2025-Q12603,83990,PR00011,FSL60_B,4
HUF-2025-Q12603,83990,PR00011,FSL60_B,5
HUF-2025-Q12603,84990,PR00011,FSL60_B,7
HUF-2025-Q12603,95990,PR00011,KMTB601F_J,1
HUF-2025-Q12603,180990,PR00011,KMTB601F_J,2
HUF-2025-Q12603,180990,PR00011,KMTB601F_J,3
HUF-2025-Q12603,180990,PR00011,KMTB601F_J,4
HUF-2025-Q12603,180990,PR00011,KMTB601F_J,5
HUF-2025-Q12603,190990,PR00011,KMTB601F_J,7
HUF-2025-Q12603,95990,PR00011,KMTB601F_B,1
HUF-2025-Q12603,180990,PR00011,KMTB601F_B,2
HUF-2025-Q12603,180990,PR00011,KMTB601F_B,3
HUF-2025-Q12603,180990,PR00011,KMTB601F_B,4
HUF-2025-Q12603,180990,PR00011,KMTB601F_B,5
HUF-2025-Q12603,190990,PR00011,KMTB601F_B,7
HUF-2025-Q12603,106990,PR00011,KMTH60W_J,1
HUF-2025-Q12603,163990,PR00011,KMTH60W_J,2
HUF-2025-Q12603,163990,PR00011,KMTH60W_J,3
HUF-2025-Q12603,163990,PR00011,KMTH60W_J,4
HUF-2025-Q12603,163990,PR00011,KMTH60W_J,5
HUF-2025-Q12603,165990,PR00011,KMTH60W_J,7
HUF-2025-Q12603,106990,PR00011,KMTH60W_B,1
HUF-2025-Q12603,163990,PR00011,KMTH60W_B,2
HUF-2025-Q12603,163990,PR00011,KMTH60W_B,3
HUF-2025-Q12603,163990,PR00011,KMTH60W_B,4
HUF-2025-Q12603,163990,PR00011,KMTH60W_B,5
HUF-2025-Q12603,165990,PR00011,KMTH60W_B,7
HUF-2025-Q12603,68990,PR00011,ASZHS45,1
HUF-2025-Q12603,80990,PR00011,ASZHS45,2
HUF-2025-Q12603,80990,PR00011,ASZHS45,3
HUF-2025-Q12603,80990,PR00011,ASZHS45,4
HUF-2025-Q12603,80990,PR00011,ASZHS45,5
HUF-2025-Q12603,100990,PR00011,ASZHS45,7
HUF-2025-Q12603,70990,PR00011,ASZHS60,1
HUF-2025-Q12603,97990,PR00011,ASZHS60,2
HUF-2025-Q12603,97990,PR00011,ASZHS60,3
HUF-2025-Q12603,97990,PR00011,ASZHS60,4
HUF-2025-Q12603,97990,PR00011,ASZHS60,5
HUF-2025-Q12603,117990,PR00011,ASZHS60,7
HUF-2025-Q12603,3990,PR00011,LOTF_OTDE,1
HUF-2025-Q12603,3790,PR00011,LOTF_OTDE,2
HUF-2025-Q12603,3790,PR00011,LOTF_OTDE,3
HUF-2025-Q12603,3790,PR00011,LOTF_OTDE,4
HUF-2025-Q12603,3790,PR00011,LOTF_OTDE,5
HUF-2025-Q12603,5690,PR00011,LOTF_OTDE,7
HUF-2025-Q12603,2390,PR00011,LOTF_OTDF,1
HUF-2025-Q12603,2390,PR00011,LOTF_OTDF,2
HUF-2025-Q12603,2390,PR00011,LOTF_OTDF,3
HUF-2025-Q12603,2390,PR00011,LOTF_OTDF,4
HUF-2025-Q12603,2390,PR00011,LOTF_OTDF,5
HUF-2025-Q12603,3490,PR00011,LOTF_OTDF,7
HUF-2025-Q12603,6990,PR00011,LOTF_OTD_E,1
HUF-2025-Q12603,6990,PR00011,LOTF_OTD_E,2
HUF-2025-Q12603,6990,PR00011,LOTF_OTD_E,3
HUF-2025-Q12603,6990,PR00011,LOTF_OTD_E,4
HUF-2025-Q12603,6990,PR00011,LOTF_OTD_E,5
HUF-2025-Q12603,10290,PR00011,LOTF_OTD_E,7
HUF-2025-Q12603,5990,PR00011,LOTF_OTDE_F,1
HUF-2025-Q12603,5990,PR00011,LOTF_OTDE_F,2
HUF-2025-Q12603,5990,PR00011,LOTF_OTDE_F,3
HUF-2025-Q12603,5990,PR00011,LOTF_OTDE_F,4
HUF-2025-Q12603,5990,PR00011,LOTF_OTDE_F,5
HUF-2025-Q12603,8990,PR00011,LOTF_OTDE_F,7
HUF-2025-Q12603,4590,PR00011,LOTF_OTD,1
HUF-2025-Q12603,4590,PR00011,LOTF_OTD,2
HUF-2025-Q12603,4590,PR00011,LOTF_OTD,3
HUF-2025-Q12603,4590,PR00011,LOTF_OTD,4
HUF-2025-Q12603,4590,PR00011,LOTF_OTD,5
HUF-2025-Q12603,6990,PR00011,LOTF_OTD,7
HUF-2025-Q12603,39990,PR00011,FMFSL60_J,1
HUF-2025-Q12603,71990,PR00011,FMFSL60_J,2
HUF-2025-Q12603,71990,PR00011,FMFSL60_J,3
HUF-2025-Q12603,71990,PR00011,FMFSL60_J,4
HUF-2025-Q12603,71990,PR00011,FMFSL60_J,5
HUF-2025-Q12603,73990,PR00011,FMFSL60_J,7
HUF-2025-Q12603,39990,PR00011,FMFSL60_B,1
HUF-2025-Q12603,71990,PR00011,FMFSL60_B,2
HUF-2025-Q12603,71990,PR00011,FMFSL60_B,3
HUF-2025-Q12603,71990,PR00011,FMFSL60_B,4
HUF-2025-Q12603,71990,PR00011,FMFSL60_B,5
HUF-2025-Q12603,73990,PR00011,FMFSL60_B,7
HUF-2025-Q12603,75990,PR00011,AS110P_J,1
HUF-2025-Q12603,102990,PR00011,AS110P_J,2
HUF-2025-Q12603,102990,PR00011,AS110P_J,3
HUF-2025-Q12603,102990,PR00011,AS110P_J,4
HUF-2025-Q12603,102990,PR00011,AS110P_J,5
HUF-2025-Q12603,103990,PR00011,AS110P_J,7
HUF-2025-Q12603,75990,PR00011,AS110P_B,1
HUF-2025-Q12603,102990,PR00011,AS110P_B,2
HUF-2025-Q12603,102990,PR00011,AS110P_B,3
HUF-2025-Q12603,102990,PR00011,AS110P_B,4
HUF-2025-Q12603,102990,PR00011,AS110P_B,5
HUF-2025-Q12603,103990,PR00011,AS110P_B,7
HUF-2025-Q12603,8990,PR00011,LOTA_OTASA,1
HUF-2025-Q12603,8990,PR00011,LOTA_OTASA,2
HUF-2025-Q12603,8990,PR00011,LOTA_OTASA,3
HUF-2025-Q12603,8990,PR00011,LOTA_OTASA,4
HUF-2025-Q12603,8990,PR00011,LOTA_OTASA,5
HUF-2025-Q12603,12990,PR00011,LOTA_OTASA,7
HUF-2025-Q12603,7990,PR00011,LOTA_OTASB,1
HUF-2025-Q12603,7990,PR00011,LOTA_OTASB,2
HUF-2025-Q12603,7990,PR00011,LOTA_OTASB,3
HUF-2025-Q12603,7990,PR00011,LOTA_OTASB,4
HUF-2025-Q12603,7990,PR00011,LOTA_OTASB,5
HUF-2025-Q12603,11490,PR00011,LOTA_OTASB,7
HUF-2025-Q12603,57990,PR00011,AMO60P_J,1
HUF-2025-Q12603,80990,PR00011,AMO60P_J,2
HUF-2025-Q12603,80990,PR00011,AMO60P_J,3
HUF-2025-Q12603,80990,PR00011,AMO60P_J,4
HUF-2025-Q12603,80990,PR00011,AMO60P_J,5
HUF-2025-Q12603,81990,PR00011,AMO60P_J,7
HUF-2025-Q12603,57990,PR00011,AMO60P_B,1
HUF-2025-Q12603,80990,PR00011,AMO60P_B,2
HUF-2025-Q12603,80990,PR00011,AMO60P_B,3
HUF-2025-Q12603,80990,PR00011,AMO60P_B,4
HUF-2025-Q12603,80990,PR00011,AMO60P_B,5
HUF-2025-Q12603,81990,PR00011,AMO60P_B,7
HUF-2025-Q12603,117990,PR00011,KMTH75W_J,1
HUF-2025-Q12603,163990,PR00011,KMTH75W_J,2
HUF-2025-Q12603,163990,PR00011,KMTH75W_J,3
HUF-2025-Q12603,163990,PR00011,KMTH75W_J,4
HUF-2025-Q12603,163990,PR00011,KMTH75W_J,5
HUF-2025-Q12603,165990,PR00011,KMTH75W_J,7
HUF-2025-Q12603,117990,PR00011,KMTH75W_B,1
HUF-2025-Q12603,163990,PR00011,KMTH75W_B,2
HUF-2025-Q12603,163990,PR00011,KMTH75W_B,3
HUF-2025-Q12603,163990,PR00011,KMTH75W_B,4
HUF-2025-Q12603,163990,PR00011,KMTH75W_B,5
HUF-2025-Q12603,165990,PR00011,KMTH75W_B,7
HUF-2025-Q12603,14990,PR00011,LTFK,1
HUF-2025-Q12603,15990,PR00011,LTFK,2
HUF-2025-Q12603,15990,PR00011,LTFK,3
HUF-2025-Q12603,15990,PR00011,LTFK,4
HUF-2025-Q12603,15990,PR00011,LTFK,5
HUF-2025-Q12603,15990,PR00011,LTFK,7
HUF-2025-Q12603,20990,PR00011,LOTA_OTAFA,1
HUF-2025-Q12603,20990,PR00011,LOTA_OTAFA,2
HUF-2025-Q12603,20990,PR00011,LOTA_OTAFA,3
HUF-2025-Q12603,20990,PR00011,LOTA_OTAFA,4
HUF-2025-Q12603,20990,PR00011,LOTA_OTAFA,5
HUF-2025-Q12603,30990,PR00011,LOTA_OTAFA,7
HUF-2025-Q12603,3990,PR00011,LOTF_OTDT,1
HUF-2025-Q12603,3990,PR00011,LOTF_OTDT,2
HUF-2025-Q12603,3990,PR00011,LOTF_OTDT,3
HUF-2025-Q12603,3990,PR00011,LOTF_OTDT,4
HUF-2025-Q12603,3990,PR00011,LOTF_OTDT,5
HUF-2025-Q12603,6190,PR00011,LOTF_OTDT,7
HUF-2025-Q12603,3990,PR00011,LOTF_OTFK,1
HUF-2025-Q12603,3690,PR00011,LOTF_OTFK,2
HUF-2025-Q12603,3690,PR00011,LOTF_OTFK,3
HUF-2025-Q12603,3690,PR00011,LOTF_OTFK,4
HUF-2025-Q12603,3690,PR00011,LOTF_OTFK,5
HUF-2025-Q12603,5590,PR00011,LOTF_OTFK,7
HUF-2025-Q12603,2072,PR00011_CF00002,LE15,1
HUF-2025-Q12603,2072,PR00011_CF00002,LE15,2
HUF-2025-Q12603,2072,PR00011_CF00002,LE15,3
HUF-2025-Q12603,2072,PR00011_CF00002,LE15,4
HUF-2025-Q12603,2072,PR00011_CF00002,LE15,5
HUF-2025-Q12603,3112,PR00011_CF00003,LE15,7
HUF-2025-Q12603,9050,PR00011,LOTA_OTAC,1
HUF-2025-Q12603,9050,PR00011,LOTA_OTAC,2
HUF-2025-Q12603,9050,PR00011,LOTA_OTAC,3
HUF-2025-Q12603,9050,PR00011,LOTA_OTAC,4
HUF-2025-Q12603,9050,PR00011,LOTA_OTAC,5
HUF-2025-Q12603,13400,PR00011,LOTA_OTAC,7
HUF-2025-Q12603,22600,PR00011,LOTA_OTAFC,1
HUF-2025-Q12603,22600,PR00011,LOTA_OTAFC,2
HUF-2025-Q12603,22600,PR00011,LOTA_OTAFC,3
HUF-2025-Q12603,22600,PR00011,LOTA_OTAFC,4
HUF-2025-Q12603,22600,PR00011,LOTA_OTAFC,5
HUF-2025-Q12603,33450,PR00011,LOTA_OTAFC,7
HUF-2025-Q12603,9350,PR00011,LOTA_OTASC,1
HUF-2025-Q12603,9350,PR00011,LOTA_OTASC,2
HUF-2025-Q12603,9350,PR00011,LOTA_OTASC,3
HUF-2025-Q12603,9350,PR00011,LOTA_OTASC,4
HUF-2025-Q12603,9350,PR00011,LOTA_OTASC,5
HUF-2025-Q12603,13850,PR00011,LOTA_OTASC,7
HUF-2025-Q12603,0,ZeroPrice,AAFE40_B,0
HUF-2025-Q12603,0,ZeroPrice,AAFE40_J,0
HUF-2025-Q12603,0,ZeroPrice,AAFE45_B,0
HUF-2025-Q12603,0,ZeroPrice,AAFE45_J,0
HUF-2025-Q12603,0,ZeroPrice,AAFE50_B,0
HUF-2025-Q12603,0,ZeroPrice,AAFE50_J,0
HUF-2025-Q12603,0,ZeroPrice,AAFE60_B,0
HUF-2025-Q12603,0,ZeroPrice,AAFE60_J,0
HUF-2025-Q12603,0,ZeroPrice,AAFE60_K,0
HUF-2025-Q12603,0,ZeroPrice,AAFE80,0
HUF-2025-Q12603,0,ZeroPrice,AAFE90,0
HUF-2025-Q12603,0,ZeroPrice,ACT,0
HUF-2025-Q12603,0,ZeroPrice,ACT40,0
HUF-2025-Q12603,0,ZeroPrice,AET40_B,0
HUF-2025-Q12603,0,ZeroPrice,AET40_J,0
HUF-2025-Q12603,0,ZeroPrice,AF40,0
HUF-2025-Q12603,0,ZeroPrice,AF45,0
HUF-2025-Q12603,0,ZeroPrice,AF50,0
HUF-2025-Q12603,0,ZeroPrice,AF60,0
HUF-2025-Q12603,0,ZeroPrice,AF80,0
HUF-2025-Q12603,0,ZeroPrice,AF90,0
HUF-2025-Q12603,0,ZeroPrice,AKL30,0
HUF-2025-Q12603,0,ZeroPrice,AKL40,0
HUF-2025-Q12603,0,ZeroPrice,AML100,0
HUF-2025-Q12603,0,ZeroPrice,AML30_B,0
HUF-2025-Q12603,0,ZeroPrice,AML30_J,0
HUF-2025-Q12603,0,ZeroPrice,AML35_B,0
HUF-2025-Q12603,0,ZeroPrice,AML35_J,0
HUF-2025-Q12603,0,ZeroPrice,AML40P_B,0
HUF-2025-Q12603,0,ZeroPrice,AML40P_J,0
HUF-2025-Q12603,0,ZeroPrice,AML40_B,0
HUF-2025-Q12603,0,ZeroPrice,AML40_J,0
HUF-2025-Q12603,0,ZeroPrice,AML45P_B,0
HUF-2025-Q12603,0,ZeroPrice,AML45P_J,0
HUF-2025-Q12603,0,ZeroPrice,AML45_B,0
HUF-2025-Q12603,0,ZeroPrice,AML45_J,0
HUF-2025-Q12603,0,ZeroPrice,AML50_B,0
HUF-2025-Q12603,0,ZeroPrice,AML50_J,0
HUF-2025-Q12603,0,ZeroPrice,AML60E_B,0
HUF-2025-Q12603,0,ZeroPrice,AML60E_J,0
HUF-2025-Q12603,0,ZeroPrice,AML60P_B,0
HUF-2025-Q12603,0,ZeroPrice,AML60P_J,0
HUF-2025-Q12603,0,ZeroPrice,AML60_K,0
HUF-2025-Q12603,0,ZeroPrice,AML70,0
HUF-2025-Q12603,0,ZeroPrice,AML80,0
HUF-2025-Q12603,0,ZeroPrice,AML80P,0
HUF-2025-Q12603,0,ZeroPrice,AML90,0
HUF-2025-Q12603,0,ZeroPrice,AML90P,0
HUF-2025-Q12603,0,ZeroPrice,AMO100,0
HUF-2025-Q12603,0,ZeroPrice,AMO60E_B,0
HUF-2025-Q12603,0,ZeroPrice,AMO60E_J,0
HUF-2025-Q12603,0,ZeroPrice,AMO60P_B,0
HUF-2025-Q12603,0,ZeroPrice,AMO60P_J,0
HUF-2025-Q12603,0,ZeroPrice,AMO60_K,0
HUF-2025-Q12603,0,ZeroPrice,AMO70,0
HUF-2025-Q12603,0,ZeroPrice,AMO80,0
HUF-2025-Q12603,0,ZeroPrice,AMO80P,0
HUF-2025-Q12603,0,ZeroPrice,AMO90,0
HUF-2025-Q12603,0,ZeroPrice,AMO90P,0
HUF-2025-Q12603,0,ZeroPrice,ANK,0
HUF-2025-Q12603,0,ZeroPrice,ANMM,0
HUF-2025-Q12603,0,ZeroPrice,ANTMT_FEHR,0
HUF-2025-Q12603,0,ZeroPrice,ANTMT_GRAFIT,0
HUF-2025-Q12603,0,ZeroPrice,ANTMT_SURK,0
HUF-2025-Q12603,0,ZeroPrice,ANT_ANTH_MF,0
HUF-2025-Q12603,0,ZeroPrice,ANT_BEI_MF,0
HUF-2025-Q12603,0,ZeroPrice,ANT_CAP_MF,0
HUF-2025-Q12603,0,ZeroPrice,ANT_WHT_MF,0
HUF-2025-Q12603,0,ZeroPrice,AN_ANT,0
HUF-2025-Q12603,0,ZeroPrice,AN_BIA,0
HUF-2025-Q12603,0,ZeroPrice,AN_CAN,0
HUF-2025-Q12603,0,ZeroPrice,AN_ETNA,0
HUF-2025-Q12603,0,ZeroPrice,AN_FEH,0
HUF-2025-Q12603,0,ZeroPrice,AN_IBZ,0
HUF-2025-Q12603,0,ZeroPrice,AN_NERO,0
HUF-2025-Q12603,0,ZeroPrice,AN_PTE,0
HUF-2025-Q12603,0,ZeroPrice,AN_SON,0
HUF-2025-Q12603,0,ZeroPrice,AN_SR,0
HUF-2025-Q12603,0,ZeroPrice,AN_VS,0
HUF-2025-Q12603,0,ZeroPrice,AR20,0
HUF-2025-Q12603,0,ZeroPrice,AS105_B,0
HUF-2025-Q12603,0,ZeroPrice,AS105_J,0
HUF-2025-Q12603,0,ZeroPrice,AS110MAGIC_B,0
HUF-2025-Q12603,0,ZeroPrice,AS110MAGIC_J,0
HUF-2025-Q12603,0,ZeroPrice,AS110P_B,0
HUF-2025-Q12603,0,ZeroPrice,AS110P_J,0
HUF-2025-Q12603,0,ZeroPrice,AS110VT_B,0
HUF-2025-Q12603,0,ZeroPrice,AS110VT_J,0
HUF-2025-Q12603,0,ZeroPrice,AS110_B,0
HUF-2025-Q12603,0,ZeroPrice,AS110_J,0
HUF-2025-Q12603,0,ZeroPrice,AS95_B,0
HUF-2025-Q12603,0,ZeroPrice,AS95_J,0
HUF-2025-Q12603,0,ZeroPrice,ASL90_B,0
HUF-2025-Q12603,0,ZeroPrice,ASL90_J,0
HUF-2025-Q12603,0,ZeroPrice,ASM105_B,0
HUF-2025-Q12603,0,ZeroPrice,ASM105_J,0
HUF-2025-Q12603,0,ZeroPrice,ASM110_B,0
HUF-2025-Q12603,0,ZeroPrice,ASM110_J,0
HUF-2025-Q12603,0,ZeroPrice,ASM95_B,0
HUF-2025-Q12603,0,ZeroPrice,ASM95_J,0
HUF-2025-Q12603,0,ZeroPrice,ASZB45,0
HUF-2025-Q12603,0,ZeroPrice,ASZB60,0
HUF-2025-Q12603,0,ZeroPrice,ASZHS45,0
HUF-2025-Q12603,0,ZeroPrice,ASZHS60,0
HUF-2025-Q12603,0,ZeroPrice,ATF60,0
HUF-2025-Q12603,0,ZeroPrice,ATF60P,0
HUF-2025-Q12603,0,ZeroPrice,AVZ30_B,0
HUF-2025-Q12603,0,ZeroPrice,AVZ30_J,0
HUF-2025-Q12603,0,ZeroPrice,BFL,0
HUF-2025-Q12603,0,ZeroPrice,BFL40,0
HUF-2025-Q12603,0,ZeroPrice,BGMM,0
HUF-2025-Q12603,0,ZeroPrice,BIL,0
HUF-2025-Q12603,0,ZeroPrice,BKV,0
HUF-2025-Q12603,0,ZeroPrice,BLA40,0
HUF-2025-Q12603,0,ZeroPrice,CF40,0
HUF-2025-Q12603,0,ZeroPrice,CPM,0
HUF-2025-Q12603,0,ZeroPrice,CPMM,0
HUF-2025-Q12603,0,ZeroPrice,CT,0
HUF-2025-Q12603,0,ZeroPrice,EF50,0
HUF-2025-Q12603,0,ZeroPrice,EF60,0
HUF-2025-Q12603,0,ZeroPrice,EF60_72_B,0
HUF-2025-Q12603,0,ZeroPrice,EF60_72_J,0
HUF-2025-Q12603,0,ZeroPrice,EFT50,0
HUF-2025-Q12603,0,ZeroPrice,EFT50F,0
HUF-2025-Q12603,0,ZeroPrice,EFT50_68_B,0
HUF-2025-Q12603,0,ZeroPrice,EFT50_68_J,0
HUF-2025-Q12603,0,ZeroPrice,EFT50_68_K,0
HUF-2025-Q12603,0,ZeroPrice,EFT60F,0
HUF-2025-Q12603,0,ZeroPrice,EFT60_68_J,0
HUF-2025-Q12603,0,ZeroPrice,EFT60_68_K,0
HUF-2025-Q12603,0,ZeroPrice,EFT60_K,0
HUF-2025-Q12603,0,ZeroPrice,F100,0
HUF-2025-Q12603,0,ZeroPrice,F30_2A_B,0
HUF-2025-Q12603,0,ZeroPrice,F30_2A_J,0
HUF-2025-Q12603,0,ZeroPrice,F30_B,0
HUF-2025-Q12603,0,ZeroPrice,F30_J,0
HUF-2025-Q12603,0,ZeroPrice,F35_2A_B,0
HUF-2025-Q12603,0,ZeroPrice,F35_2A_J,0
HUF-2025-Q12603,0,ZeroPrice,F35_B,0
HUF-2025-Q12603,0,ZeroPrice,F35_J,0
HUF-2025-Q12603,0,ZeroPrice,F40_2A_B,0
HUF-2025-Q12603,0,ZeroPrice,F40_2A_J,0
HUF-2025-Q12603,0,ZeroPrice,F40_B,0
HUF-2025-Q12603,0,ZeroPrice,F40_J,0
HUF-2025-Q12603,0,ZeroPrice,F45_2A_B,0
HUF-2025-Q12603,0,ZeroPrice,F45_2A_J,0
HUF-2025-Q12603,0,ZeroPrice,F45_B,0
HUF-2025-Q12603,0,ZeroPrice,F45_J,0
HUF-2025-Q12603,0,ZeroPrice,F50_B,0
HUF-2025-Q12603,0,ZeroPrice,F50_J,0
HUF-2025-Q12603,0,ZeroPrice,F60E_B,0
HUF-2025-Q12603,0,ZeroPrice,F60E_J,0
HUF-2025-Q12603,0,ZeroPrice,F60_K,0
HUF-2025-Q12603,0,ZeroPrice,F70,0
HUF-2025-Q12603,0,ZeroPrice,F80,0
HUF-2025-Q12603,0,ZeroPrice,F90,0
HUF-2025-Q12603,0,ZeroPrice,FE40,0
HUF-2025-Q12603,0,ZeroPrice,FEA,0
HUF-2025-Q12603,0,ZeroPrice,FEF82_60,0
HUF-2025-Q12603,0,ZeroPrice,FEK82_60,0
HUF-2025-Q12603,0,ZeroPrice,FET,0
HUF-2025-Q12603,0,ZeroPrice,FET40,0
HUF-2025-Q12603,0,ZeroPrice,FF90,0
HUF-2025-Q12603,0,ZeroPrice,FFM60,0
HUF-2025-Q12603,0,ZeroPrice,FFMM,0
HUF-2025-Q12603,0,ZeroPrice,FFZ45,0
HUF-2025-Q12603,0,ZeroPrice,FFZ50,0
HUF-2025-Q12603,0,ZeroPrice,FFZ60,0
HUF-2025-Q12603,0,ZeroPrice,FFZ70,0
HUF-2025-Q12603,0,ZeroPrice,FFZ80,0
HUF-2025-Q12603,0,ZeroPrice,FFZ90,0
HUF-2025-Q12603,0,ZeroPrice,FKF30,0
HUF-2025-Q12603,0,ZeroPrice,FKF35,0
HUF-2025-Q12603,0,ZeroPrice,FKF40,0
HUF-2025-Q12603,0,ZeroPrice,FKF45,0
HUF-2025-Q12603,0,ZeroPrice,FKF50,0
HUF-2025-Q12603,0,ZeroPrice,FKF60,0
HUF-2025-Q12603,0,ZeroPrice,FKF70,0
HUF-2025-Q12603,0,ZeroPrice,FKF80,0
HUF-2025-Q12603,0,ZeroPrice,FKF90,0
HUF-2025-Q12603,0,ZeroPrice,FKV,0
HUF-2025-Q12603,0,ZeroPrice,FLB,0
HUF-2025-Q12603,0,ZeroPrice,FMF30,0
HUF-2025-Q12603,0,ZeroPrice,FMF35,0
HUF-2025-Q12603,0,ZeroPrice,FMF40,0
HUF-2025-Q12603,0,ZeroPrice,FMF45,0
HUF-2025-Q12603,0,ZeroPrice,FMF50,0
HUF-2025-Q12603,0,ZeroPrice,FMF60,0
HUF-2025-Q12603,0,ZeroPrice,FMF70,0
HUF-2025-Q12603,0,ZeroPrice,FMF80,0
HUF-2025-Q12603,0,ZeroPrice,FMF90,0
HUF-2025-Q12603,0,ZeroPrice,FMFNY20,0
HUF-2025-Q12603,0,ZeroPrice,FMFSL60_B,0
HUF-2025-Q12603,0,ZeroPrice,FMFSL60_J,0
HUF-2025-Q12603,0,ZeroPrice,FMFSZ_B,0
HUF-2025-Q12603,0,ZeroPrice,FMFSZ_J,0
HUF-2025-Q12603,0,ZeroPrice,FMFVZ30_B,0
HUF-2025-Q12603,0,ZeroPrice,FMFVZ30_J,0
HUF-2025-Q12603,0,ZeroPrice,FNY20,0
HUF-2025-Q12603,0,ZeroPrice,FSL60_B,0
HUF-2025-Q12603,0,ZeroPrice,FSL60_J,0
HUF-2025-Q12603,0,ZeroPrice,FSU_B,0
HUF-2025-Q12603,0,ZeroPrice,FSU_J,0
HUF-2025-Q12603,0,ZeroPrice,FSZ_2A_B,0
HUF-2025-Q12603,0,ZeroPrice,FSZ_2A_J,0
HUF-2025-Q12603,0,ZeroPrice,FSZ_B,0
HUF-2025-Q12603,0,ZeroPrice,FSZ_J,0
HUF-2025-Q12603,0,ZeroPrice,FU40_B,0
HUF-2025-Q12603,0,ZeroPrice,FU40_J,0
HUF-2025-Q12603,0,ZeroPrice,FU45_B,0
HUF-2025-Q12603,0,ZeroPrice,FU45_J,0
HUF-2025-Q12603,0,ZeroPrice,FU80,0
HUF-2025-Q12603,0,ZeroPrice,FU80F,0
HUF-2025-Q12603,0,ZeroPrice,FU90,0
HUF-2025-Q12603,0,ZeroPrice,FUZ45_B,0
HUF-2025-Q12603,0,ZeroPrice,FUZ45_J,0
HUF-2025-Q12603,0,ZeroPrice,FVZ30_B,0
HUF-2025-Q12603,0,ZeroPrice,FVZ30_J,0
HUF-2025-Q12603,0,ZeroPrice,FZL,0
HUF-2025-Q12603,0,ZeroPrice,FZN80,0
HUF-2025-Q12603,0,ZeroPrice,GFA,0
HUF-2025-Q12603,0,ZeroPrice,IBL,0
HUF-2025-Q12603,0,ZeroPrice,IBP1000,0
HUF-2025-Q12603,0,ZeroPrice,IBP1050,0
HUF-2025-Q12603,0,ZeroPrice,IBP1100,0
HUF-2025-Q12603,0,ZeroPrice,IBP150,0
HUF-2025-Q12603,0,ZeroPrice,IBP18,0
HUF-2025-Q12603,0,ZeroPrice,IBP200,0
HUF-2025-Q12603,0,ZeroPrice,IBP300,0
HUF-2025-Q12603,0,ZeroPrice,IBP350,0
HUF-2025-Q12603,0,ZeroPrice,IBP400,0
HUF-2025-Q12603,0,ZeroPrice,IBP450,0
HUF-2025-Q12603,0,ZeroPrice,IBP500,0
HUF-2025-Q12603,0,ZeroPrice,IBP600,0
HUF-2025-Q12603,0,ZeroPrice,IBP700,0
HUF-2025-Q12603,0,ZeroPrice,IBP800,0
HUF-2025-Q12603,0,ZeroPrice,IBP900,0
HUF-2025-Q12603,0,ZeroPrice,IGM,0
HUF-2025-Q12603,0,ZeroPrice,IGM40,0
HUF-2025-Q12603,0,ZeroPrice,K40R,0
HUF-2025-Q12603,0,ZeroPrice,K40_B,0
HUF-2025-Q12603,0,ZeroPrice,K40_J,0
HUF-2025-Q12603,0,ZeroPrice,K60F_B,0
HUF-2025-Q12603,0,ZeroPrice,K60F_J,0
HUF-2025-Q12603,0,ZeroPrice,K60R_B,0
HUF-2025-Q12603,0,ZeroPrice,K60R_J,0
HUF-2025-Q12603,0,ZeroPrice,K60_B,0
HUF-2025-Q12603,0,ZeroPrice,K60_J,0
HUF-2025-Q12603,0,ZeroPrice,KANF,0
HUF-2025-Q12603,0,ZeroPrice,KANFF,0
HUF-2025-Q12603,0,ZeroPrice,KDF,0
HUF-2025-Q12603,0,ZeroPrice,KDK,0
HUF-2025-Q12603,0,ZeroPrice,KF60F,0
HUF-2025-Q12603,0,ZeroPrice,KF60_B,0
HUF-2025-Q12603,0,ZeroPrice,KF60_J,0
HUF-2025-Q12603,0,ZeroPrice,KMTB601F_B,0
HUF-2025-Q12603,0,ZeroPrice,KMTB601F_J,0
HUF-2025-Q12603,0,ZeroPrice,KMTB602F,0
HUF-2025-Q12603,0,ZeroPrice,KMTB60F,0
HUF-2025-Q12603,0,ZeroPrice,KMTB60K_B,0
HUF-2025-Q12603,0,ZeroPrice,KMTB60K_J,0
HUF-2025-Q12603,0,ZeroPrice,KMTB60_B,0
HUF-2025-Q12603,0,ZeroPrice,KMTB60_J,0
HUF-2025-Q12603,0,ZeroPrice,KMTH60W_B,0
HUF-2025-Q12603,0,ZeroPrice,KMTH60W_J,0
HUF-2025-Q12603,0,ZeroPrice,KMTH60_B,0
HUF-2025-Q12603,0,ZeroPrice,KMTH60_J,0
HUF-2025-Q12603,0,ZeroPrice,KMTH75W_B,0
HUF-2025-Q12603,0,ZeroPrice,KMTH75W_J,0
HUF-2025-Q12603,0,ZeroPrice,KN,0
HUF-2025-Q12603,0,ZeroPrice,KN40,0
HUF-2025-Q12603,0,ZeroPrice,KPK,0
HUF-2025-Q12603,0,ZeroPrice,KR82_60,0
HUF-2025-Q12603,0,ZeroPrice,KSZA,0
HUF-2025-Q12603,0,ZeroPrice,KSZAF,0
HUF-2025-Q12603,0,ZeroPrice,KTB60_B,0
HUF-2025-Q12603,0,ZeroPrice,KTB60_J,0
HUF-2025-Q12603,0,ZeroPrice,KTL,0
HUF-2025-Q12603,0,ZeroPrice,K_SO,0
HUF-2025-Q12603,0,ZeroPrice,LAURA_CAP,0
HUF-2025-Q12603,0,ZeroPrice,LAURA_GEI,0
HUF-2025-Q12603,0,ZeroPrice,LAURA_GRAP,0
HUF-2025-Q12603,0,ZeroPrice,LAURA_GRAY,0
HUF-2025-Q12603,0,ZeroPrice,LAURA_PRO,0
HUF-2025-Q12603,0,ZeroPrice,LAURA_WHT,0
HUF-2025-Q12603,0,ZeroPrice,LAZ,0
HUF-2025-Q12603,0,ZeroPrice,LE,0
HUF-2025-Q12603,0,ZeroPrice,LE15,0
HUF-2025-Q12603,0,ZeroPrice,LMO59_45,0
HUF-2025-Q12603,0,ZeroPrice,LMO59_60,0
HUF-2025-Q12603,0,ZeroPrice,LMO72_45,0
HUF-2025-Q12603,0,ZeroPrice,LMO72_60,0
HUF-2025-Q12603,0,ZeroPrice,LOTA_OTA,0
HUF-2025-Q12603,0,ZeroPrice,LOTA_OTAA,0
HUF-2025-Q12603,0,ZeroPrice,LOTA_OTAC,0
HUF-2025-Q12603,0,ZeroPrice,LOTA_OTAF,0
HUF-2025-Q12603,0,ZeroPrice,LOTA_OTAFA,0
HUF-2025-Q12603,0,ZeroPrice,LOTA_OTAFC,0
HUF-2025-Q12603,0,ZeroPrice,LOTA_OTASA,0
HUF-2025-Q12603,0,ZeroPrice,LOTA_OTASB,0
HUF-2025-Q12603,0,ZeroPrice,LOTA_OTASC,0
HUF-2025-Q12603,0,ZeroPrice,LOTF_OTD,0
HUF-2025-Q12603,0,ZeroPrice,LOTF_OTDE,0
HUF-2025-Q12603,0,ZeroPrice,LOTF_OTDE_F,0
HUF-2025-Q12603,0,ZeroPrice,LOTF_OTDF,0
HUF-2025-Q12603,0,ZeroPrice,LOTF_OTDT,0
HUF-2025-Q12603,0,ZeroPrice,LOTF_OTD_E,0
HUF-2025-Q12603,0,ZeroPrice,LOTF_OTFK,0
HUF-2025-Q12603,0,ZeroPrice,LTA,0
HUF-2025-Q12603,0,ZeroPrice,LTA1450,0
HUF-2025-Q12603,0,ZeroPrice,LTA2135,0
HUF-2025-Q12603,0,ZeroPrice,LTF360,0
HUF-2025-Q12603,0,ZeroPrice,LTF595,0
HUF-2025-Q12603,0,ZeroPrice,LTF720,0
HUF-2025-Q12603,0,ZeroPrice,LTFK,0
HUF-2025-Q12603,0,ZeroPrice,M1,0
HUF-2025-Q12603,0,ZeroPrice,M15,0
HUF-2025-Q12603,0,ZeroPrice,MA40,0
HUF-2025-Q12603,0,ZeroPrice,ME40,0
HUF-2025-Q12603,0,ZeroPrice,MKP,0
HUF-2025-Q12603,0,ZeroPrice,MPF,0
HUF-2025-Q12603,0,ZeroPrice,N,0
HUF-2025-Q12603,0,ZeroPrice,NEL,0
HUF-2025-Q12603,0,ZeroPrice,PD,0
HUF-2025-Q12603,0,ZeroPrice,PD40,0
HUF-2025-Q12603,0,ZeroPrice,PFLP,0
HUF-2025-Q12603,0,ZeroPrice,PIFK,0
HUF-2025-Q12603,0,ZeroPrice,PTL,0
HUF-2025-Q12603,0,ZeroPrice,PUO,0
HUF-2025-Q12603,0,ZeroPrice,RST,0
HUF-2025-Q12603,0,ZeroPrice,RST40,0
HUF-2025-Q12603,0,ZeroPrice,SH,0
HUF-2025-Q12603,0,ZeroPrice,SH40,0
HUF-2025-Q12603,0,ZeroPrice,SIA,0
HUF-2025-Q12603,0,ZeroPrice,SIF,0
HUF-2025-Q12603,0,ZeroPrice,SIK,0
HUF-2025-Q12603,0,ZeroPrice,SLFK,0
HUF-2025-Q12603,0,ZeroPrice,SLFN,0
HUF-2025-Q12603,0,ZeroPrice,SLKK,0
HUF-2025-Q12603,0,ZeroPrice,SLKN,0
HUF-2025-Q12603,0,ZeroPrice,SLRK,0
HUF-2025-Q12603,0,ZeroPrice,SLRN,0
HUF-2025-Q12603,0,ZeroPrice,SOL,0
HUF-2025-Q12603,0,ZeroPrice,SOL40,0
HUF-2025-Q12603,0,ZeroPrice,ST,0
HUF-2025-Q12603,0,ZeroPrice,ST40,0
HUF-2025-Q12603,0,ZeroPrice,STA,0
HUF-2025-Q12603,0,ZeroPrice,STK,0
HUF-2025-Q12603,0,ZeroPrice,STM,0
HUF-2025-Q12603,0,ZeroPrice,SZA,0
HUF-2025-Q12603,0,ZeroPrice,SZU,0
HUF-2025-Q12603,0,ZeroPrice,SZU40,0
HUF-2025-Q12603,0,ZeroPrice,TGBBH_KIV865SF0,0
HUF-2025-Q12603,0,ZeroPrice,TGBBM_SMV25EX00E,0
HUF-2025-Q12603,0,ZeroPrice,TGEA45,0
HUF-2025-Q12603,0,ZeroPrice,TGEA60,0
HUF-2025-Q12603,0,ZeroPrice,TGEIG,0
HUF-2025-Q12603,0,ZeroPrice,TGWBH_ART96101,0
HUF-2025-Q12603,0,ZeroPrice,TKFL45,0
HUF-2025-Q12603,0,ZeroPrice,TKFL60,0
HUF-2025-Q12603,0,ZeroPrice,TKKE,0
HUF-2025-Q12603,0,ZeroPrice,TKKSE45,0
HUF-2025-Q12603,0,ZeroPrice,TKKSE60,0
HUF-2025-Q12603,0,ZeroPrice,TVKK40H_KT,0
HUF-2025-Q12603,0,ZeroPrice,TVKK60N,0
HUF-2025-Q12603,0,ZeroPrice,TVKL300,0
HUF-2025-Q12603,0,ZeroPrice,TVKL400,0
HUF-2025-Q12603,0,ZeroPrice,TVS_M,0
HUF-2025-Q12603,0,ZeroPrice,TVS_MOB,0
HUF-2025-Q12603,0,ZeroPrice,TVS_MOJ,0
HUF-2025-Q12603,0,ZeroPrice,VE40,0
HUF-2025-Q12603,0,ZeroPrice,VH,0
HUF-2025-Q12603,0,ZeroPrice,VH40,0
HUF-2025-Q12603,0,ZeroPrice,VSZ,0
HUF-2025-Q12603,0,ZeroPrice,ZILLE_BEI,0
HUF-2025-Q12603,0,ZeroPrice,ZILLE_RUS_WH,0
HUF-2025-Q12603,0,ZeroPrice,ZILLE_SON_OAK,0
HUF-2025-Q12603,0,ZeroPrice,ZILLE_WOT_OAK,0
HUF-2025-Q12603,0,ZeroPrice,k_ETN,0
HUF-2025-Q12603,0,ZeroPrice,k_WHT,0
HUF-2025-Q12603,0,PR00010_CF00003,PFLP,0
