PriceList.Code,BaseValue,PriceRule.Code,Item.RefCode,Item.Attribute.0.Value,Item.Cleared.RefCode,ItemPrice
HUF-2025-Q1S1,1390,PR00010,FLB,0,FLB,0
HUF-2025-Q1S1,250,PR00010,M1,0,M1,0
HUF-2025-Q1S1,41190,PR00010,PIFK,0,PIFK,0
HUF-2025-Q1S1,47000,PR00010,TKFL45,0,TKFL45,0
HUF-2025-Q1S1,59800,PR00010,TKFL60,0,TKFL60,0
HUF-2025-Q1S1,46900,PR00010,TVKL300,0,TVKL300,0
HUF-2025-Q1S1,91800,PR00010,TVS_MOB,0,TVS_MOB,0
HUF-2025-Q1S1,97400,PR00010,TVS_M,0,TVS_M,0
HUF-2025-Q1S1,34500,PR00010,TKKE,0,TKKE,0
HUF-2025-Q1S1,149900,PR00010,TGEA45,0,TGEA45,0
HUF-2025-Q1S1,223400,PR00010,TVKK40H_KT,0,TVKK40H,0
HUF-2025-Q1S1,383200,PR00010,TVKK60N,0,TVKK60N,0
HUF-2025-Q1S1,0,PR00010_CF00001,MPF,0,MPF,0
HUF-2025-Q1S1,149900,PR00010,TGEA60,0,TGEA60,0
HUF-2025-Q1S1,91800,PR00010,TVS_MOJ,0,TVS_MOJ,0
HUF-2025-Q1S1,50900,PR00010,TVKL400,0,TVKL400,0
HUF-2025-Q1S1,0,PR00010_CF00002,CT,0,CT,0
HUF-2025-Q1S1,0,PR00010_CF00002,MKP,0,MKP,0
HUF-2025-Q1S1,42200,PR00010,TKKSE45,0,TKKSE45,0
HUF-2025-Q1S1,42200,PR00010,TKKSE60,0,TKKSE60,0
HUF-2025-Q1S1,41990,PR00010,AVZ30_J,1,AVZ30,44990
HUF-2025-Q1S1,41990,PR00010,AVZ30_J,2,AVZ30,44990
HUF-2025-Q1S1,41990,PR00010,AVZ30_J,3,AVZ30,44990
HUF-2025-Q1S1,41990,PR00010,AVZ30_J,4,AVZ30,44990
HUF-2025-Q1S1,41990,PR00010,AVZ30_J,5,AVZ30,44990
HUF-2025-Q1S1,41990,PR00010,AVZ30_J,7,AVZ30,49990
HUF-2025-Q1S1,41990,PR00010,AVZ30_B,1,AVZ30,44990
HUF-2025-Q1S1,41990,PR00010,AVZ30_B,2,AVZ30,44990
HUF-2025-Q1S1,41990,PR00010,AVZ30_B,3,AVZ30,44990
HUF-2025-Q1S1,41990,PR00010,AVZ30_B,4,AVZ30,44990
HUF-2025-Q1S1,41990,PR00010,AVZ30_B,5,AVZ30,44990
HUF-2025-Q1S1,41990,PR00010,AVZ30_B,7,AVZ30,49990
HUF-2025-Q1S1,37990,PR00010,FNY20,1,FNY20,40990
HUF-2025-Q1S1,37990,PR00010,FNY20,2,FNY20,40990
HUF-2025-Q1S1,37990,PR00010,FNY20,3,FNY20,40990
HUF-2025-Q1S1,37990,PR00010,FNY20,4,FNY20,40990
HUF-2025-Q1S1,37990,PR00010,FNY20,5,FNY20,40990
HUF-2025-Q1S1,37990,PR00010,FNY20,7,FNY20,44990
HUF-2025-Q1S1,35990,PR00010,FMFNY20,1,FMFNY20,36990
HUF-2025-Q1S1,35990,PR00010,FMFNY20,2,FMFNY20,36990
HUF-2025-Q1S1,35990,PR00010,FMFNY20,3,FMFNY20,36990
HUF-2025-Q1S1,35990,PR00010,FMFNY20,4,FMFNY20,36990
HUF-2025-Q1S1,35990,PR00010,FMFNY20,5,FMFNY20,36990
HUF-2025-Q1S1,35990,PR00010,FMFNY20,7,FMFNY20,38990
HUF-2025-Q1S1,37990,PR00010,FVZ30_J,1,FVZ30,40990
HUF-2025-Q1S1,37990,PR00010,FVZ30_J,2,FVZ30,41990
HUF-2025-Q1S1,37990,PR00010,FVZ30_J,3,FVZ30,41990
HUF-2025-Q1S1,37990,PR00010,FVZ30_J,4,FVZ30,41990
HUF-2025-Q1S1,37990,PR00010,FVZ30_J,5,FVZ30,41990
HUF-2025-Q1S1,37990,PR00010,FVZ30_J,7,FVZ30,46990
HUF-2025-Q1S1,35990,PR00010,FMFVZ30_J,1,FMFVZ30,37990
HUF-2025-Q1S1,35990,PR00010,FMFVZ30_J,2,FMFVZ30,37990
HUF-2025-Q1S1,35990,PR00010,FMFVZ30_J,3,FMFVZ30,37990
HUF-2025-Q1S1,35990,PR00010,FMFVZ30_J,4,FMFVZ30,37990
HUF-2025-Q1S1,35990,PR00010,FMFVZ30_J,5,FMFVZ30,37990
HUF-2025-Q1S1,35990,PR00010,FMFVZ30_J,7,FMFVZ30,40990
HUF-2025-Q1S1,37990,PR00010,FVZ30_B,1,FVZ30,40990
HUF-2025-Q1S1,37990,PR00010,FVZ30_B,2,FVZ30,41990
HUF-2025-Q1S1,37990,PR00010,FVZ30_B,3,FVZ30,41990
HUF-2025-Q1S1,37990,PR00010,FVZ30_B,4,FVZ30,41990
HUF-2025-Q1S1,37990,PR00010,FVZ30_B,5,FVZ30,41990
HUF-2025-Q1S1,37990,PR00010,FVZ30_B,7,FVZ30,46990
HUF-2025-Q1S1,35990,PR00010,FMFVZ30_B,1,FMFVZ30,37990
HUF-2025-Q1S1,35990,PR00010,FMFVZ30_B,2,FMFVZ30,37990
HUF-2025-Q1S1,35990,PR00010,FMFVZ30_B,3,FMFVZ30,37990
HUF-2025-Q1S1,35990,PR00010,FMFVZ30_B,4,FMFVZ30,37990
HUF-2025-Q1S1,35990,PR00010,FMFVZ30_B,5,FMFVZ30,37990
HUF-2025-Q1S1,35990,PR00010,FMFVZ30_B,7,FMFVZ30,40990
HUF-2025-Q1S1,87990,PR00010,FU80F,5,FU80F,99990
HUF-2025-Q1S1,94490,PR00010,FZN80,5,FZN80,73990
HUF-2025-Q1S1,51990,PR00011,AAFE40_J,1,AAFE40,56990
HUF-2025-Q1S1,66990,PR00011,AAFE40_J,2,AAFE40,75990
HUF-2025-Q1S1,66990,PR00011,AAFE40_J,3,AAFE40,75990
HUF-2025-Q1S1,66990,PR00011,AAFE40_J,4,AAFE40,75990
HUF-2025-Q1S1,66990,PR00011,AAFE40_J,5,AAFE40,75990
HUF-2025-Q1S1,71990,PR00011,AAFE40_J,7,AAFE40,77990
HUF-2025-Q1S1,51990,PR00011,AAFE40_B,1,AAFE40,56990
HUF-2025-Q1S1,66990,PR00011,AAFE40_B,2,AAFE40,75990
HUF-2025-Q1S1,66990,PR00011,AAFE40_B,3,AAFE40,75990
HUF-2025-Q1S1,66990,PR00011,AAFE40_B,4,AAFE40,75990
HUF-2025-Q1S1,66990,PR00011,AAFE40_B,5,AAFE40,75990
HUF-2025-Q1S1,71990,PR00011,AAFE40_B,7,AAFE40,77990
HUF-2025-Q1S1,53990,PR00011,AAFE45_J,1,AAFE45,57990
HUF-2025-Q1S1,68990,PR00011,AAFE45_J,2,AAFE45,77990
HUF-2025-Q1S1,68990,PR00011,AAFE45_J,3,AAFE45,77990
HUF-2025-Q1S1,68990,PR00011,AAFE45_J,4,AAFE45,77990
HUF-2025-Q1S1,68990,PR00011,AAFE45_J,5,AAFE45,77990
HUF-2025-Q1S1,73990,PR00011,AAFE45_J,7,AAFE45,79990
HUF-2025-Q1S1,53990,PR00011,AAFE45_B,1,AAFE45,57990
HUF-2025-Q1S1,68990,PR00011,AAFE45_B,2,AAFE45,77990
HUF-2025-Q1S1,68990,PR00011,AAFE45_B,3,AAFE45,77990
HUF-2025-Q1S1,68990,PR00011,AAFE45_B,4,AAFE45,77990
HUF-2025-Q1S1,68990,PR00011,AAFE45_B,5,AAFE45,77990
HUF-2025-Q1S1,73990,PR00011,AAFE45_B,7,AAFE45,79990
HUF-2025-Q1S1,56990,PR00011,AAFE50_J,1,AAFE50,58990
HUF-2025-Q1S1,70990,PR00011,AAFE50_J,2,AAFE50,79990
HUF-2025-Q1S1,70990,PR00011,AAFE50_J,3,AAFE50,79990
HUF-2025-Q1S1,70990,PR00011,AAFE50_J,4,AAFE50,79990
HUF-2025-Q1S1,70990,PR00011,AAFE50_J,5,AAFE50,79990
HUF-2025-Q1S1,76990,PR00011,AAFE50_J,7,AAFE50,82990
HUF-2025-Q1S1,56990,PR00011,AAFE50_B,1,AAFE50,58990
HUF-2025-Q1S1,70990,PR00011,AAFE50_B,2,AAFE50,79990
HUF-2025-Q1S1,70990,PR00011,AAFE50_B,3,AAFE50,79990
HUF-2025-Q1S1,70990,PR00011,AAFE50_B,4,AAFE50,79990
HUF-2025-Q1S1,70990,PR00011,AAFE50_B,5,AAFE50,79990
HUF-2025-Q1S1,76990,PR00011,AAFE50_B,7,AAFE50,82990
HUF-2025-Q1S1,57990,PR00011,AAFE60_J,1,AAFE60E,60990
HUF-2025-Q1S1,85990,PR00011,AAFE60_J,2,AAFE60E,86990
HUF-2025-Q1S1,85990,PR00011,AAFE60_J,3,AAFE60E,86990
HUF-2025-Q1S1,85990,PR00011,AAFE60_J,4,AAFE60E,86990
HUF-2025-Q1S1,85990,PR00011,AAFE60_J,5,AAFE60E,86990
HUF-2025-Q1S1,91990,PR00011,AAFE60_J,7,AAFE60E,92990
HUF-2025-Q1S1,57990,PR00011,AAFE60_B,1,AAFE60E,60990
HUF-2025-Q1S1,85990,PR00011,AAFE60_B,2,AAFE60E,86990
HUF-2025-Q1S1,85990,PR00011,AAFE60_B,3,AAFE60E,86990
HUF-2025-Q1S1,85990,PR00011,AAFE60_B,4,AAFE60E,86990
HUF-2025-Q1S1,85990,PR00011,AAFE60_B,5,AAFE60E,86990
HUF-2025-Q1S1,91990,PR00011,AAFE60_B,7,AAFE60E,92990
HUF-2025-Q1S1,57990,PR00011,AAFE60_K,1,AAFE60,62990
HUF-2025-Q1S1,85990,PR00011,AAFE60_K,2,AAFE60,88990
HUF-2025-Q1S1,85990,PR00011,AAFE60_K,3,AAFE60,88990
HUF-2025-Q1S1,85990,PR00011,AAFE60_K,4,AAFE60,88990
HUF-2025-Q1S1,85990,PR00011,AAFE60_K,5,AAFE60,88990
HUF-2025-Q1S1,91990,PR00011,AAFE60_K,7,AAFE60,94990
HUF-2025-Q1S1,73990,PR00011,AAFE80,1,AAFE80,66990
HUF-2025-Q1S1,101990,PR00011,AAFE80,2,AAFE80,97990
HUF-2025-Q1S1,101990,PR00011,AAFE80,3,AAFE80,97990
HUF-2025-Q1S1,101990,PR00011,AAFE80,4,AAFE80,97990
HUF-2025-Q1S1,101990,PR00011,AAFE80,5,AAFE80,97990
HUF-2025-Q1S1,107990,PR00011,AAFE80,7,AAFE80,106990
HUF-2025-Q1S1,82990,PR00011,AAFE90,1,AAFE90,68990
HUF-2025-Q1S1,106990,PR00011,AAFE90,2,AAFE90,101990
HUF-2025-Q1S1,106990,PR00011,AAFE90,3,AAFE90,101990
HUF-2025-Q1S1,106990,PR00011,AAFE90,4,AAFE90,101990
HUF-2025-Q1S1,106990,PR00011,AAFE90,5,AAFE90,101990
HUF-2025-Q1S1,112990,PR00011,AAFE90,7,AAFE90,111990
HUF-2025-Q1S1,43990,PR00011,AML30_J,1,AML30,47990
HUF-2025-Q1S1,51990,PR00011,AML30_J,2,AML30,58990
HUF-2025-Q1S1,51990,PR00011,AML30_J,3,AML30,58990
HUF-2025-Q1S1,51990,PR00011,AML30_J,4,AML30,58990
HUF-2025-Q1S1,51990,PR00011,AML30_J,5,AML30,58990
HUF-2025-Q1S1,51990,PR00011,AML30_J,7,AML30,57990
HUF-2025-Q1S1,43990,PR00011,AML30_B,1,AML30,47990
HUF-2025-Q1S1,51990,PR00011,AML30_B,2,AML30,58990
HUF-2025-Q1S1,51990,PR00011,AML30_B,3,AML30,58990
HUF-2025-Q1S1,51990,PR00011,AML30_B,4,AML30,58990
HUF-2025-Q1S1,51990,PR00011,AML30_B,5,AML30,58990
HUF-2025-Q1S1,51990,PR00011,AML30_B,7,AML30,57990
HUF-2025-Q1S1,43990,PR00011,AKL30,1,AKL30,46990
HUF-2025-Q1S1,49990,PR00011,AKL30,2,AKL30,56990
HUF-2025-Q1S1,49990,PR00011,AKL30,3,AKL30,56990
HUF-2025-Q1S1,49990,PR00011,AKL30,4,AKL30,56990
HUF-2025-Q1S1,49990,PR00011,AKL30,5,AKL30,56990
HUF-2025-Q1S1,51990,PR00011,AKL30,7,AKL30,56990
HUF-2025-Q1S1,44990,PR00011,AML35_J,1,AML35,48990
HUF-2025-Q1S1,53990,PR00011,AML35_J,2,AML35,60990
HUF-2025-Q1S1,53990,PR00011,AML35_J,3,AML35,60990
HUF-2025-Q1S1,53990,PR00011,AML35_J,4,AML35,60990
HUF-2025-Q1S1,53990,PR00011,AML35_J,5,AML35,60990
HUF-2025-Q1S1,54990,PR00011,AML35_J,7,AML35,59990
HUF-2025-Q1S1,44990,PR00011,AML35_B,1,AML35,48990
HUF-2025-Q1S1,53990,PR00011,AML35_B,2,AML35,60990
HUF-2025-Q1S1,53990,PR00011,AML35_B,3,AML35,60990
HUF-2025-Q1S1,53990,PR00011,AML35_B,4,AML35,60990
HUF-2025-Q1S1,53990,PR00011,AML35_B,5,AML35,60990
HUF-2025-Q1S1,54990,PR00011,AML35_B,7,AML35,59990
HUF-2025-Q1S1,45990,PR00011,AML40_J,1,AML40,49990
HUF-2025-Q1S1,55990,PR00011,AML40_J,2,AML40,62990
HUF-2025-Q1S1,55990,PR00011,AML40_J,3,AML40,62990
HUF-2025-Q1S1,55990,PR00011,AML40_J,4,AML40,62990
HUF-2025-Q1S1,55990,PR00011,AML40_J,5,AML40,62990
HUF-2025-Q1S1,56990,PR00011,AML40_J,7,AML40,61990
HUF-2025-Q1S1,45990,PR00011,AML40_B,1,AML40,49990
HUF-2025-Q1S1,55990,PR00011,AML40_B,2,AML40,62990
HUF-2025-Q1S1,55990,PR00011,AML40_B,3,AML40,62990
HUF-2025-Q1S1,55990,PR00011,AML40_B,4,AML40,62990
HUF-2025-Q1S1,55990,PR00011,AML40_B,5,AML40,62990
HUF-2025-Q1S1,56990,PR00011,AML40_B,7,AML40,61990
HUF-2025-Q1S1,44990,PR00011,AKL40,1,AKL40,48990
HUF-2025-Q1S1,54990,PR00011,AKL40,2,AKL40,61990
HUF-2025-Q1S1,54990,PR00011,AKL40,3,AKL40,61990
HUF-2025-Q1S1,54990,PR00011,AKL40,4,AKL40,61990
HUF-2025-Q1S1,54990,PR00011,AKL40,5,AKL40,61990
HUF-2025-Q1S1,55990,PR00011,AKL40,7,AKL40,59990
HUF-2025-Q1S1,44990,PR00011,AET40_J,1,AET40,48990
HUF-2025-Q1S1,54990,PR00011,AET40_J,2,AET40,61990
HUF-2025-Q1S1,54990,PR00011,AET40_J,3,AET40,61990
HUF-2025-Q1S1,54990,PR00011,AET40_J,4,AET40,61990
HUF-2025-Q1S1,54990,PR00011,AET40_J,5,AET40,61990
HUF-2025-Q1S1,55990,PR00011,AET40_J,7,AET40,59990
HUF-2025-Q1S1,44990,PR00011,AET40_B,1,AET40,48990
HUF-2025-Q1S1,54990,PR00011,AET40_B,2,AET40,61990
HUF-2025-Q1S1,54990,PR00011,AET40_B,3,AET40,61990
HUF-2025-Q1S1,54990,PR00011,AET40_B,4,AET40,61990
HUF-2025-Q1S1,54990,PR00011,AET40_B,5,AET40,61990
HUF-2025-Q1S1,55990,PR00011,AET40_B,7,AET40,59990
HUF-2025-Q1S1,45990,PR00011,AML45_J,1,AML45,49990
HUF-2025-Q1S1,57990,PR00011,AML45_J,2,AML45,64990
HUF-2025-Q1S1,57990,PR00011,AML45_J,3,AML45,64990
HUF-2025-Q1S1,57990,PR00011,AML45_J,4,AML45,64990
HUF-2025-Q1S1,57990,PR00011,AML45_J,5,AML45,64990
HUF-2025-Q1S1,58990,PR00011,AML45_J,7,AML45,63990
HUF-2025-Q1S1,45990,PR00011,AML45_B,1,AML45,49990
HUF-2025-Q1S1,57990,PR00011,AML45_B,2,AML45,64990
HUF-2025-Q1S1,57990,PR00011,AML45_B,3,AML45,64990
HUF-2025-Q1S1,57990,PR00011,AML45_B,4,AML45,64990
HUF-2025-Q1S1,57990,PR00011,AML45_B,5,AML45,64990
HUF-2025-Q1S1,58990,PR00011,AML45_B,7,AML45,63990
HUF-2025-Q1S1,46990,PR00011,AML50_J,1,AML50,50990
HUF-2025-Q1S1,59990,PR00011,AML50_J,2,AML50,68990
HUF-2025-Q1S1,59990,PR00011,AML50_J,3,AML50,68990
HUF-2025-Q1S1,59990,PR00011,AML50_J,4,AML50,68990
HUF-2025-Q1S1,59990,PR00011,AML50_J,5,AML50,68990
HUF-2025-Q1S1,60990,PR00011,AML50_J,7,AML50,66990
HUF-2025-Q1S1,46990,PR00011,AML50_B,1,AML50,50990
HUF-2025-Q1S1,59990,PR00011,AML50_B,2,AML50,68990
HUF-2025-Q1S1,59990,PR00011,AML50_B,3,AML50,68990
HUF-2025-Q1S1,59990,PR00011,AML50_B,4,AML50,68990
HUF-2025-Q1S1,59990,PR00011,AML50_B,5,AML50,68990
HUF-2025-Q1S1,60990,PR00011,AML50_B,7,AML50,66990
HUF-2025-Q1S1,47990,PR00011,AML60E_J,1,AML60E,52990
HUF-2025-Q1S1,64990,PR00011,AML60E_J,2,AML60E,72990
HUF-2025-Q1S1,64990,PR00011,AML60E_J,3,AML60E,72990
HUF-2025-Q1S1,64990,PR00011,AML60E_J,4,AML60E,72990
HUF-2025-Q1S1,64990,PR00011,AML60E_J,5,AML60E,72990
HUF-2025-Q1S1,65990,PR00011,AML60E_J,7,AML60E,71990
HUF-2025-Q1S1,47990,PR00011,AML60E_B,1,AML60E,52990
HUF-2025-Q1S1,64990,PR00011,AML60E_B,2,AML60E,72990
HUF-2025-Q1S1,64990,PR00011,AML60E_B,3,AML60E,72990
HUF-2025-Q1S1,64990,PR00011,AML60E_B,4,AML60E,72990
HUF-2025-Q1S1,64990,PR00011,AML60E_B,5,AML60E,72990
HUF-2025-Q1S1,65990,PR00011,AML60E_B,7,AML60E,71990
HUF-2025-Q1S1,47990,PR00011,AML60_K,1,AML60,54990
HUF-2025-Q1S1,64990,PR00011,AML60_K,2,AML60,74990
HUF-2025-Q1S1,64990,PR00011,AML60_K,3,AML60,74990
HUF-2025-Q1S1,64990,PR00011,AML60_K,4,AML60,74990
HUF-2025-Q1S1,64990,PR00011,AML60_K,5,AML60,74990
HUF-2025-Q1S1,66990,PR00011,AML60_K,7,AML60,73990
HUF-2025-Q1S1,51990,PR00011,AML70,1,AML70,56990
HUF-2025-Q1S1,73990,PR00011,AML70,2,AML70,78990
HUF-2025-Q1S1,73990,PR00011,AML70,3,AML70,78990
HUF-2025-Q1S1,73990,PR00011,AML70,4,AML70,78990
HUF-2025-Q1S1,73990,PR00011,AML70,5,AML70,78990
HUF-2025-Q1S1,76990,PR00011,AML70,7,AML70,78990
HUF-2025-Q1S1,53990,PR00011,AML80,1,AML80,57990
HUF-2025-Q1S1,73990,PR00011,AML80,2,AML80,83990
HUF-2025-Q1S1,73990,PR00011,AML80,3,AML80,83990
HUF-2025-Q1S1,73990,PR00011,AML80,4,AML80,83990
HUF-2025-Q1S1,73990,PR00011,AML80,5,AML80,83990
HUF-2025-Q1S1,76990,PR00011,AML80,7,AML80,82990
HUF-2025-Q1S1,55990,PR00011,AML90,1,AML90,59990
HUF-2025-Q1S1,81990,PR00011,AML90,2,AML90,87990
HUF-2025-Q1S1,81990,PR00011,AML90,3,AML90,87990
HUF-2025-Q1S1,81990,PR00011,AML90,4,AML90,87990
HUF-2025-Q1S1,81990,PR00011,AML90,5,AML90,87990
HUF-2025-Q1S1,83990,PR00011,AML90,7,AML90,86990
HUF-2025-Q1S1,57990,PR00011,AML100,1,AML100,60990
HUF-2025-Q1S1,85990,PR00011,AML100,2,AML100,95990
HUF-2025-Q1S1,85990,PR00011,AML100,3,AML100,95990
HUF-2025-Q1S1,85990,PR00011,AML100,4,AML100,95990
HUF-2025-Q1S1,85990,PR00011,AML100,5,AML100,95990
HUF-2025-Q1S1,87990,PR00011,AML100,7,AML100,93990
HUF-2025-Q1S1,61990,PR00011,AR20,1,AR20,61990
HUF-2025-Q1S1,73990,PR00011,AR20,2,AR20,68990
HUF-2025-Q1S1,73990,PR00011,AR20,3,AR20,68990
HUF-2025-Q1S1,73990,PR00011,AR20,4,AR20,68990
HUF-2025-Q1S1,73990,PR00011,AR20,5,AR20,68990
HUF-2025-Q1S1,73990,PR00011,AR20,7,AR20,72990
HUF-2025-Q1S1,62990,PR00011,ASZB45,1,ASZB45,61990
HUF-2025-Q1S1,73990,PR00011,ASZB45,2,ASZB45,75990
HUF-2025-Q1S1,73990,PR00011,ASZB45,3,ASZB45,75990
HUF-2025-Q1S1,73990,PR00011,ASZB45,4,ASZB45,75990
HUF-2025-Q1S1,73990,PR00011,ASZB45,5,ASZB45,75990
HUF-2025-Q1S1,64990,PR00011,ASZB60,1,ASZB60,64990
HUF-2025-Q1S1,85990,PR00011,ASZB60,2,ASZB60,83990
HUF-2025-Q1S1,85990,PR00011,ASZB60,3,ASZB60,83990
HUF-2025-Q1S1,85990,PR00011,ASZB60,4,ASZB60,83990
HUF-2025-Q1S1,85990,PR00011,ASZB60,5,ASZB60,83990
HUF-2025-Q1S1,45990,PR00011,AMO60E_J,1,AMO60E,48990
HUF-2025-Q1S1,61990,PR00011,AMO60E_J,2,AMO60E,68990
HUF-2025-Q1S1,61990,PR00011,AMO60E_J,3,AMO60E,68990
HUF-2025-Q1S1,61990,PR00011,AMO60E_J,4,AMO60E,68990
HUF-2025-Q1S1,61990,PR00011,AMO60E_J,5,AMO60E,68990
HUF-2025-Q1S1,62990,PR00011,AMO60E_J,7,AMO60E,67990
HUF-2025-Q1S1,45990,PR00011,AMO60E_B,1,AMO60E,48990
HUF-2025-Q1S1,61990,PR00011,AMO60E_B,2,AMO60E,68990
HUF-2025-Q1S1,61990,PR00011,AMO60E_B,3,AMO60E,68990
HUF-2025-Q1S1,61990,PR00011,AMO60E_B,4,AMO60E,68990
HUF-2025-Q1S1,61990,PR00011,AMO60E_B,5,AMO60E,68990
HUF-2025-Q1S1,62990,PR00011,AMO60E_B,7,AMO60E,67990
HUF-2025-Q1S1,45990,PR00011,AMO60_K,1,AMO60,50990
HUF-2025-Q1S1,61990,PR00011,AMO60_K,2,AMO60,71990
HUF-2025-Q1S1,61990,PR00011,AMO60_K,3,AMO60,71990
HUF-2025-Q1S1,61990,PR00011,AMO60_K,4,AMO60,71990
HUF-2025-Q1S1,61990,PR00011,AMO60_K,5,AMO60,71990
HUF-2025-Q1S1,63990,PR00011,AMO60_K,7,AMO60,69990
HUF-2025-Q1S1,47990,PR00011,AMO70,1,AMO70,52990
HUF-2025-Q1S1,69990,PR00011,AMO70,2,AMO70,74990
HUF-2025-Q1S1,69990,PR00011,AMO70,3,AMO70,74990
HUF-2025-Q1S1,69990,PR00011,AMO70,4,AMO70,74990
HUF-2025-Q1S1,69990,PR00011,AMO70,5,AMO70,74990
HUF-2025-Q1S1,71990,PR00011,AMO70,7,AMO70,74990
HUF-2025-Q1S1,48990,PR00011,AMO80,1,AMO80,53990
HUF-2025-Q1S1,69990,PR00011,AMO80,2,AMO80,79990
HUF-2025-Q1S1,69990,PR00011,AMO80,3,AMO80,79990
HUF-2025-Q1S1,69990,PR00011,AMO80,4,AMO80,79990
HUF-2025-Q1S1,69990,PR00011,AMO80,5,AMO80,79990
HUF-2025-Q1S1,71990,PR00011,AMO80,7,AMO80,77990
HUF-2025-Q1S1,49990,PR00011,AMO90,1,AMO90,54990
HUF-2025-Q1S1,76990,PR00011,AMO90,2,AMO90,82990
HUF-2025-Q1S1,76990,PR00011,AMO90,3,AMO90,82990
HUF-2025-Q1S1,76990,PR00011,AMO90,4,AMO90,82990
HUF-2025-Q1S1,76990,PR00011,AMO90,5,AMO90,82990
HUF-2025-Q1S1,78990,PR00011,AMO90,7,AMO90,82990
HUF-2025-Q1S1,51990,PR00011,AMO100,1,AMO100,55990
HUF-2025-Q1S1,83990,PR00011,AMO100,2,AMO100,90990
HUF-2025-Q1S1,83990,PR00011,AMO100,3,AMO100,90990
HUF-2025-Q1S1,83990,PR00011,AMO100,4,AMO100,90990
HUF-2025-Q1S1,83990,PR00011,AMO100,5,AMO100,90990
HUF-2025-Q1S1,85990,PR00011,AMO100,7,AMO100,89990
HUF-2025-Q1S1,5990,PR00011,LMO72_45,1,LMO72_45,0
HUF-2025-Q1S1,17990,PR00011,LMO72_45,2,LMO72_45,0
HUF-2025-Q1S1,17990,PR00011,LMO72_45,3,LMO72_45,0
HUF-2025-Q1S1,17990,PR00011,LMO72_45,4,LMO72_45,0
HUF-2025-Q1S1,17990,PR00011,LMO72_45,5,LMO72_45,0
HUF-2025-Q1S1,17990,PR00011,LMO72_45,7,LMO72_45,0
HUF-2025-Q1S1,4990,PR00011,LMO59_45,1,LMO59_45,0
HUF-2025-Q1S1,13990,PR00011,LMO59_45,2,LMO59_45,0
HUF-2025-Q1S1,13990,PR00011,LMO59_45,3,LMO59_45,0
HUF-2025-Q1S1,13990,PR00011,LMO59_45,4,LMO59_45,0
HUF-2025-Q1S1,13990,PR00011,LMO59_45,5,LMO59_45,0
HUF-2025-Q1S1,14490,PR00011,LMO59_45,7,LMO59_45,0
HUF-2025-Q1S1,7990,PR00011,LMO72_60,1,LMO72_60,0
HUF-2025-Q1S1,23490,PR00011,LMO72_60,2,LMO72_60,0
HUF-2025-Q1S1,23490,PR00011,LMO72_60,3,LMO72_60,0
HUF-2025-Q1S1,23490,PR00011,LMO72_60,4,LMO72_60,0
HUF-2025-Q1S1,23490,PR00011,LMO72_60,5,LMO72_60,0
HUF-2025-Q1S1,23490,PR00011,LMO72_60,7,LMO72_60,0
HUF-2025-Q1S1,6490,PR00011,LMO59_60,1,LMO59_60,0
HUF-2025-Q1S1,18990,PR00011,LMO59_60,2,LMO59_60,0
HUF-2025-Q1S1,18990,PR00011,LMO59_60,3,LMO59_60,0
HUF-2025-Q1S1,18990,PR00011,LMO59_60,4,LMO59_60,0
HUF-2025-Q1S1,18990,PR00011,LMO59_60,5,LMO59_60,0
HUF-2025-Q1S1,19390,PR00011,LMO59_60,7,LMO59_60,0
HUF-2025-Q1S1,48990,PR00011,ATF60,1,ATF60,53990
HUF-2025-Q1S1,54990,PR00011,ATF60,2,ATF60,60990
HUF-2025-Q1S1,54990,PR00011,ATF60,3,ATF60,60990
HUF-2025-Q1S1,54990,PR00011,ATF60,4,ATF60,60990
HUF-2025-Q1S1,54990,PR00011,ATF60,5,ATF60,60990
HUF-2025-Q1S1,55990,PR00011,ATF60,7,ATF60,58990
HUF-2025-Q1S1,55990,PR00011,AML40P_J,1,AML40P,53990
HUF-2025-Q1S1,67990,PR00011,AML40P_J,2,AML40P,77990
HUF-2025-Q1S1,67990,PR00011,AML40P_J,3,AML40P,77990
HUF-2025-Q1S1,67990,PR00011,AML40P_J,4,AML40P,77990
HUF-2025-Q1S1,67990,PR00011,AML40P_J,5,AML40P,77990
HUF-2025-Q1S1,68990,PR00011,AML40P_J,7,AML40P,73990
HUF-2025-Q1S1,55990,PR00011,AML40P_B,1,AML40P,53990
HUF-2025-Q1S1,67990,PR00011,AML40P_B,2,AML40P,77990
HUF-2025-Q1S1,67990,PR00011,AML40P_B,3,AML40P,77990
HUF-2025-Q1S1,67990,PR00011,AML40P_B,4,AML40P,77990
HUF-2025-Q1S1,67990,PR00011,AML40P_B,5,AML40P,77990
HUF-2025-Q1S1,68990,PR00011,AML40P_B,7,AML40P,73990
HUF-2025-Q1S1,55990,PR00011,AML45P_J,1,AML45P,54990
HUF-2025-Q1S1,71990,PR00011,AML45P_J,2,AML45P,79990
HUF-2025-Q1S1,71990,PR00011,AML45P_J,3,AML45P,79990
HUF-2025-Q1S1,71990,PR00011,AML45P_J,4,AML45P,79990
HUF-2025-Q1S1,71990,PR00011,AML45P_J,5,AML45P,79990
HUF-2025-Q1S1,73990,PR00011,AML45P_J,7,AML45P,77990
HUF-2025-Q1S1,55990,PR00011,AML45P_B,1,AML45P,54990
HUF-2025-Q1S1,71990,PR00011,AML45P_B,2,AML45P,79990
HUF-2025-Q1S1,71990,PR00011,AML45P_B,3,AML45P,79990
HUF-2025-Q1S1,71990,PR00011,AML45P_B,4,AML45P,79990
HUF-2025-Q1S1,71990,PR00011,AML45P_B,5,AML45P,79990
HUF-2025-Q1S1,73990,PR00011,AML45P_B,7,AML45P,77990
HUF-2025-Q1S1,63990,PR00011,AML60P_J,1,AML60P,57990
HUF-2025-Q1S1,83990,PR00011,AML60P_J,2,AML60P,98990
HUF-2025-Q1S1,83990,PR00011,AML60P_J,3,AML60P,98990
HUF-2025-Q1S1,83990,PR00011,AML60P_J,4,AML60P,98990
HUF-2025-Q1S1,83990,PR00011,AML60P_J,5,AML60P,98990
HUF-2025-Q1S1,84990,PR00011,AML60P_J,7,AML60P,91990
HUF-2025-Q1S1,79990,PR00011,AML90P,1,AML90P,67990
HUF-2025-Q1S1,131990,PR00011,AML90P,2,AML90P,122990
HUF-2025-Q1S1,131990,PR00011,AML90P,3,AML90P,122990
HUF-2025-Q1S1,131990,PR00011,AML90P,4,AML90P,122990
HUF-2025-Q1S1,131990,PR00011,AML90P,5,AML90P,122990
HUF-2025-Q1S1,133990,PR00011,AML90P,7,AML90P,129990
HUF-2025-Q1S1,61990,PR00011,AF40,1,AF40,67990
HUF-2025-Q1S1,118990,PR00011,AF40,2,AF40,104990
HUF-2025-Q1S1,118990,PR00011,AF40,3,AF40,104990
HUF-2025-Q1S1,118990,PR00011,AF40,4,AF40,104990
HUF-2025-Q1S1,118990,PR00011,AF40,5,AF40,104990
HUF-2025-Q1S1,140990,PR00011,AF40,7,AF40,137990
HUF-2025-Q1S1,62990,PR00011,AF45,1,AF45,67990
HUF-2025-Q1S1,122990,PR00011,AF45,2,AF45,106990
HUF-2025-Q1S1,122990,PR00011,AF45,3,AF45,106990
HUF-2025-Q1S1,122990,PR00011,AF45,4,AF45,106990
HUF-2025-Q1S1,122990,PR00011,AF45,5,AF45,106990
HUF-2025-Q1S1,144990,PR00011,AF45,7,AF45,140990
HUF-2025-Q1S1,63990,PR00011,AF50,1,AF50,69990
HUF-2025-Q1S1,127990,PR00011,AF50,2,AF50,109990
HUF-2025-Q1S1,127990,PR00011,AF50,3,AF50,109990
HUF-2025-Q1S1,127990,PR00011,AF50,4,AF50,109990
HUF-2025-Q1S1,127990,PR00011,AF50,5,AF50,109990
HUF-2025-Q1S1,149990,PR00011,AF50,7,AF50,144990
HUF-2025-Q1S1,64990,PR00011,AF60,1,AF60,73990
HUF-2025-Q1S1,136990,PR00011,AF60,2,AF60,117990
HUF-2025-Q1S1,136990,PR00011,AF60,3,AF60,117990
HUF-2025-Q1S1,136990,PR00011,AF60,4,AF60,117990
HUF-2025-Q1S1,136990,PR00011,AF60,5,AF60,117990
HUF-2025-Q1S1,158990,PR00011,AF60,7,AF60,152990
HUF-2025-Q1S1,83990,PR00011,AF80,1,AF80,79990
HUF-2025-Q1S1,153990,PR00011,AF80,2,AF80,127990
HUF-2025-Q1S1,153990,PR00011,AF80,3,AF80,127990
HUF-2025-Q1S1,153990,PR00011,AF80,4,AF80,127990
HUF-2025-Q1S1,153990,PR00011,AF80,5,AF80,127990
HUF-2025-Q1S1,175990,PR00011,AF80,7,AF80,166990
HUF-2025-Q1S1,101990,PR00011,AF90,1,AF90,82990
HUF-2025-Q1S1,165990,PR00011,AF90,2,AF90,130990
HUF-2025-Q1S1,165990,PR00011,AF90,3,AF90,130990
HUF-2025-Q1S1,165990,PR00011,AF90,4,AF90,130990
HUF-2025-Q1S1,165990,PR00011,AF90,5,AF90,130990
HUF-2025-Q1S1,187990,PR00011,AF90,7,AF90,174990
HUF-2025-Q1S1,8490,PR00011,LOTA_OTA,1,LOTA_OTA,0
HUF-2025-Q1S1,8490,PR00011,LOTA_OTA,2,LOTA_OTA,0
HUF-2025-Q1S1,8490,PR00011,LOTA_OTA,3,LOTA_OTA,0
HUF-2025-Q1S1,8490,PR00011,LOTA_OTA,4,LOTA_OTA,0
HUF-2025-Q1S1,8490,PR00011,LOTA_OTA,5,LOTA_OTA,0
HUF-2025-Q1S1,12590,PR00011,LOTA_OTA,7,LOTA_OTA,0
HUF-2025-Q1S1,7490,PR00011,LOTA_OTAF,1,LOTA_OTAF,0
HUF-2025-Q1S1,7390,PR00011,LOTA_OTAF,2,LOTA_OTAF,0
HUF-2025-Q1S1,7390,PR00011,LOTA_OTAF,3,LOTA_OTAF,0
HUF-2025-Q1S1,7390,PR00011,LOTA_OTAF,4,LOTA_OTAF,0
HUF-2025-Q1S1,7390,PR00011,LOTA_OTAF,5,LOTA_OTAF,0
HUF-2025-Q1S1,10990,PR00011,LOTA_OTAF,7,LOTA_OTAF,0
HUF-2025-Q1S1,21990,PR00011,LOTA_OTAA,1,LOTA_OTAA,0
HUF-2025-Q1S1,21990,PR00011,LOTA_OTAA,2,LOTA_OTAA,0
HUF-2025-Q1S1,21990,PR00011,LOTA_OTAA,3,LOTA_OTAA,0
HUF-2025-Q1S1,21990,PR00011,LOTA_OTAA,4,LOTA_OTAA,0
HUF-2025-Q1S1,21990,PR00011,LOTA_OTAA,5,LOTA_OTAA,0
HUF-2025-Q1S1,32690,PR00011,LOTA_OTAA,7,LOTA_OTAA,0
HUF-2025-Q1S1,51990,PR00011,AS95_J,1,AS95,60990
HUF-2025-Q1S1,61990,PR00011,AS95_J,2,AS95,79990
HUF-2025-Q1S1,61990,PR00011,AS95_J,3,AS95,79990
HUF-2025-Q1S1,61990,PR00011,AS95_J,4,AS95,79990
HUF-2025-Q1S1,61990,PR00011,AS95_J,5,AS95,79990
HUF-2025-Q1S1,62990,PR00011,AS95_J,7,AS95,74990
HUF-2025-Q1S1,51990,PR00011,AS95_B,1,AS95,60990
HUF-2025-Q1S1,61990,PR00011,AS95_B,2,AS95,79990
HUF-2025-Q1S1,61990,PR00011,AS95_B,3,AS95,79990
HUF-2025-Q1S1,61990,PR00011,AS95_B,4,AS95,79990
HUF-2025-Q1S1,61990,PR00011,AS95_B,5,AS95,79990
HUF-2025-Q1S1,62990,PR00011,AS95_B,7,AS95,74990
HUF-2025-Q1S1,46990,PR00011,ASM95_J,1,ASM95,55990
HUF-2025-Q1S1,56990,PR00011,ASM95_J,2,ASM95,75990
HUF-2025-Q1S1,56990,PR00011,ASM95_J,3,ASM95,75990
HUF-2025-Q1S1,56990,PR00011,ASM95_J,4,ASM95,75990
HUF-2025-Q1S1,56990,PR00011,ASM95_J,5,ASM95,75990
HUF-2025-Q1S1,57990,PR00011,ASM95_J,7,ASM95,70990
HUF-2025-Q1S1,46990,PR00011,ASM95_B,1,ASM95,55990
HUF-2025-Q1S1,56990,PR00011,ASM95_B,2,ASM95,75990
HUF-2025-Q1S1,56990,PR00011,ASM95_B,3,ASM95,75990
HUF-2025-Q1S1,56990,PR00011,ASM95_B,4,ASM95,75990
HUF-2025-Q1S1,56990,PR00011,ASM95_B,5,ASM95,75990
HUF-2025-Q1S1,57990,PR00011,ASM95_B,7,ASM95,70990
HUF-2025-Q1S1,54990,PR00011,AS105_J,1,AS105,61990
HUF-2025-Q1S1,65990,PR00011,AS105_J,2,AS105,83990
HUF-2025-Q1S1,65990,PR00011,AS105_J,3,AS105,83990
HUF-2025-Q1S1,65990,PR00011,AS105_J,4,AS105,83990
HUF-2025-Q1S1,65990,PR00011,AS105_J,5,AS105,83990
HUF-2025-Q1S1,66990,PR00011,AS105_J,7,AS105,78990
HUF-2025-Q1S1,54990,PR00011,AS105_B,1,AS105,61990
HUF-2025-Q1S1,65990,PR00011,AS105_B,2,AS105,83990
HUF-2025-Q1S1,65990,PR00011,AS105_B,3,AS105,83990
HUF-2025-Q1S1,65990,PR00011,AS105_B,4,AS105,83990
HUF-2025-Q1S1,65990,PR00011,AS105_B,5,AS105,83990
HUF-2025-Q1S1,66990,PR00011,AS105_B,7,AS105,78990
HUF-2025-Q1S1,49990,PR00011,ASM105_J,1,ASM105,56990
HUF-2025-Q1S1,58990,PR00011,ASM105_J,2,ASM105,79990
HUF-2025-Q1S1,58990,PR00011,ASM105_J,3,ASM105,79990
HUF-2025-Q1S1,58990,PR00011,ASM105_J,4,ASM105,79990
HUF-2025-Q1S1,58990,PR00011,ASM105_J,5,ASM105,79990
HUF-2025-Q1S1,62990,PR00011,ASM105_J,7,ASM105,73990
HUF-2025-Q1S1,49990,PR00011,ASM105_B,1,ASM105,56990
HUF-2025-Q1S1,58990,PR00011,ASM105_B,2,ASM105,79990
HUF-2025-Q1S1,58990,PR00011,ASM105_B,3,ASM105,79990
HUF-2025-Q1S1,58990,PR00011,ASM105_B,4,ASM105,79990
HUF-2025-Q1S1,58990,PR00011,ASM105_B,5,ASM105,79990
HUF-2025-Q1S1,62990,PR00011,ASM105_B,7,ASM105,73990
HUF-2025-Q1S1,51990,PR00011,AS110_J,1,AS110,61990
HUF-2025-Q1S1,65990,PR00011,AS110_J,2,AS110,84990
HUF-2025-Q1S1,65990,PR00011,AS110_J,3,AS110,84990
HUF-2025-Q1S1,65990,PR00011,AS110_J,4,AS110,84990
HUF-2025-Q1S1,65990,PR00011,AS110_J,5,AS110,84990
HUF-2025-Q1S1,66990,PR00011,AS110_J,7,AS110,79990
HUF-2025-Q1S1,51990,PR00011,AS110_B,1,AS110,61990
HUF-2025-Q1S1,65990,PR00011,AS110_B,2,AS110,84990
HUF-2025-Q1S1,65990,PR00011,AS110_B,3,AS110,84990
HUF-2025-Q1S1,65990,PR00011,AS110_B,4,AS110,84990
HUF-2025-Q1S1,65990,PR00011,AS110_B,5,AS110,84990
HUF-2025-Q1S1,66990,PR00011,AS110_B,7,AS110,79990
HUF-2025-Q1S1,51990,PR00011,AS110MAGIC_J,1,AS110MAGIC,57990
HUF-2025-Q1S1,63990,PR00011,AS110MAGIC_J,2,AS110MAGIC,81990
HUF-2025-Q1S1,63990,PR00011,AS110MAGIC_J,3,AS110MAGIC,81990
HUF-2025-Q1S1,63990,PR00011,AS110MAGIC_J,4,AS110MAGIC,81990
HUF-2025-Q1S1,63990,PR00011,AS110MAGIC_J,5,AS110MAGIC,81990
HUF-2025-Q1S1,64990,PR00011,AS110MAGIC_J,7,AS110MAGIC,77990
HUF-2025-Q1S1,51990,PR00011,AS110MAGIC_B,1,AS110MAGIC,57990
HUF-2025-Q1S1,63990,PR00011,AS110MAGIC_B,2,AS110MAGIC,81990
HUF-2025-Q1S1,63990,PR00011,AS110MAGIC_B,3,AS110MAGIC,81990
HUF-2025-Q1S1,63990,PR00011,AS110MAGIC_B,4,AS110MAGIC,81990
HUF-2025-Q1S1,63990,PR00011,AS110MAGIC_B,5,AS110MAGIC,81990
HUF-2025-Q1S1,64990,PR00011,AS110MAGIC_B,7,AS110MAGIC,77990
HUF-2025-Q1S1,51990,PR00011,AS110VT_J,1,AS110VT,58990
HUF-2025-Q1S1,63990,PR00011,AS110VT_J,2,AS110VT,81990
HUF-2025-Q1S1,63990,PR00011,AS110VT_J,3,AS110VT,81990
HUF-2025-Q1S1,63990,PR00011,AS110VT_J,4,AS110VT,81990
HUF-2025-Q1S1,63990,PR00011,AS110VT_J,5,AS110VT,81990
HUF-2025-Q1S1,64990,PR00011,AS110VT_J,7,AS110VT,77990
HUF-2025-Q1S1,51990,PR00011,AS110VT_B,1,AS110VT,58990
HUF-2025-Q1S1,63990,PR00011,AS110VT_B,2,AS110VT,81990
HUF-2025-Q1S1,63990,PR00011,AS110VT_B,3,AS110VT,81990
HUF-2025-Q1S1,63990,PR00011,AS110VT_B,4,AS110VT,81990
HUF-2025-Q1S1,63990,PR00011,AS110VT_B,5,AS110VT,81990
HUF-2025-Q1S1,64990,PR00011,AS110VT_B,7,AS110VT,77990
HUF-2025-Q1S1,47990,PR00011,ASM110_J,1,ASM110,56990
HUF-2025-Q1S1,61990,PR00011,ASM110_J,2,ASM110,80990
HUF-2025-Q1S1,61990,PR00011,ASM110_J,3,ASM110,80990
HUF-2025-Q1S1,61990,PR00011,ASM110_J,4,ASM110,80990
HUF-2025-Q1S1,61990,PR00011,ASM110_J,5,ASM110,80990
HUF-2025-Q1S1,62990,PR00011,ASM110_J,7,ASM110,76990
HUF-2025-Q1S1,47990,PR00011,ASM110_B,1,ASM110,56990
HUF-2025-Q1S1,61990,PR00011,ASM110_B,2,ASM110,80990
HUF-2025-Q1S1,61990,PR00011,ASM110_B,3,ASM110,80990
HUF-2025-Q1S1,61990,PR00011,ASM110_B,4,ASM110,80990
HUF-2025-Q1S1,61990,PR00011,ASM110_B,5,ASM110,80990
HUF-2025-Q1S1,62990,PR00011,ASM110_B,7,ASM110,76990
HUF-2025-Q1S1,90990,PR00011,K40_J,1,K40,75990
HUF-2025-Q1S1,120990,PR00011,K40_J,2,K40,112990
HUF-2025-Q1S1,120990,PR00011,K40_J,3,K40,112990
HUF-2025-Q1S1,120990,PR00011,K40_J,4,K40,112990
HUF-2025-Q1S1,120990,PR00011,K40_J,5,K40,112990
HUF-2025-Q1S1,122990,PR00011,K40_J,7,K40,133990
HUF-2025-Q1S1,90990,PR00011,K40_B,1,K40,75990
HUF-2025-Q1S1,120990,PR00011,K40_B,2,K40,112990
HUF-2025-Q1S1,120990,PR00011,K40_B,3,K40,112990
HUF-2025-Q1S1,120990,PR00011,K40_B,4,K40,112990
HUF-2025-Q1S1,120990,PR00011,K40_B,5,K40,112990
HUF-2025-Q1S1,122990,PR00011,K40_B,7,K40,133990
HUF-2025-Q1S1,90990,PR00011,KTB60_J,1,KTB60,83990
HUF-2025-Q1S1,136990,PR00011,KTB60_J,2,KTB60,123990
HUF-2025-Q1S1,136990,PR00011,KTB60_J,3,KTB60,123990
HUF-2025-Q1S1,136990,PR00011,KTB60_J,4,KTB60,123990
HUF-2025-Q1S1,136990,PR00011,KTB60_J,5,KTB60,123990
HUF-2025-Q1S1,138990,PR00011,KTB60_J,7,KTB60,149990
HUF-2025-Q1S1,90990,PR00011,KTB60_B,1,KTB60,83990
HUF-2025-Q1S1,136990,PR00011,KTB60_B,2,KTB60,123990
HUF-2025-Q1S1,136990,PR00011,KTB60_B,3,KTB60,123990
HUF-2025-Q1S1,136990,PR00011,KTB60_B,4,KTB60,123990
HUF-2025-Q1S1,136990,PR00011,KTB60_B,5,KTB60,123990
HUF-2025-Q1S1,138990,PR00011,KTB60_B,7,KTB60,149990
HUF-2025-Q1S1,82990,PR00011,KMTB60_J,1,KMTB60,82990
HUF-2025-Q1S1,136990,PR00011,KMTB60_J,2,KMTB60,123990
HUF-2025-Q1S1,136990,PR00011,KMTB60_J,3,KMTB60,123990
HUF-2025-Q1S1,136990,PR00011,KMTB60_J,4,KMTB60,123990
HUF-2025-Q1S1,136990,PR00011,KMTB60_J,5,KMTB60,123990
HUF-2025-Q1S1,139990,PR00011,KMTB60_J,7,KMTB60,149990
HUF-2025-Q1S1,82990,PR00011,KMTB60_B,1,KMTB60,82990
HUF-2025-Q1S1,136990,PR00011,KMTB60_B,2,KMTB60,123990
HUF-2025-Q1S1,136990,PR00011,KMTB60_B,3,KMTB60,123990
HUF-2025-Q1S1,136990,PR00011,KMTB60_B,4,KMTB60,123990
HUF-2025-Q1S1,136990,PR00011,KMTB60_B,5,KMTB60,123990
HUF-2025-Q1S1,139990,PR00011,KMTB60_B,7,KMTB60,149990
HUF-2025-Q1S1,103990,PR00011,KMTB60F,1,KMTB60F,103990
HUF-2025-Q1S1,209990,PR00011,KMTB60F,2,KMTB60F,165990
HUF-2025-Q1S1,209990,PR00011,KMTB60F,3,KMTB60F,165990
HUF-2025-Q1S1,209990,PR00011,KMTB60F,4,KMTB60F,165990
HUF-2025-Q1S1,209990,PR00011,KMTB60F,5,KMTB60F,165990
HUF-2025-Q1S1,232990,PR00011,KMTB60F,7,KMTB60F,230990
HUF-2025-Q1S1,103990,PR00011,KMTB602F,1,KMTB602F,96990
HUF-2025-Q1S1,209990,PR00011,KMTB602F,2,KMTB602F,151990
HUF-2025-Q1S1,209990,PR00011,KMTB602F,3,KMTB602F,151990
HUF-2025-Q1S1,209990,PR00011,KMTB602F,4,KMTB602F,151990
HUF-2025-Q1S1,209990,PR00011,KMTB602F,5,KMTB602F,151990
HUF-2025-Q1S1,228990,PR00011,KMTB602F,7,KMTB602F,218990
HUF-2025-Q1S1,125990,PR00011,K60F_J,1,K60F,104990
HUF-2025-Q1S1,244990,PR00011,K60F_J,2,K60F,183990
HUF-2025-Q1S1,244990,PR00011,K60F_J,3,K60F,183990
HUF-2025-Q1S1,244990,PR00011,K60F_J,4,K60F,183990
HUF-2025-Q1S1,244990,PR00011,K60F_J,5,K60F,183990
HUF-2025-Q1S1,267990,PR00011,K60F_J,7,K60F,257990
HUF-2025-Q1S1,125990,PR00011,K60F_B,1,K60F,104990
HUF-2025-Q1S1,244990,PR00011,K60F_B,2,K60F,183990
HUF-2025-Q1S1,244990,PR00011,K60F_B,3,K60F,183990
HUF-2025-Q1S1,244990,PR00011,K60F_B,4,K60F,183990
HUF-2025-Q1S1,244990,PR00011,K60F_B,5,K60F,183990
HUF-2025-Q1S1,267990,PR00011,K60F_B,7,K60F,257990
HUF-2025-Q1S1,103990,PR00011,KMTB60K_J,1,KMTB60K,89990
HUF-2025-Q1S1,172990,PR00011,KMTB60K_J,2,KMTB60K,143990
HUF-2025-Q1S1,172990,PR00011,KMTB60K_J,3,KMTB60K,143990
HUF-2025-Q1S1,172990,PR00011,KMTB60K_J,4,KMTB60K,143990
HUF-2025-Q1S1,172990,PR00011,KMTB60K_J,5,KMTB60K,143990
HUF-2025-Q1S1,175990,PR00011,KMTB60K_J,7,KMTB60K,179990
HUF-2025-Q1S1,103990,PR00011,KMTB60K_B,1,KMTB60K,89990
HUF-2025-Q1S1,172990,PR00011,KMTB60K_B,2,KMTB60K,143990
HUF-2025-Q1S1,172990,PR00011,KMTB60K_B,3,KMTB60K,143990
HUF-2025-Q1S1,172990,PR00011,KMTB60K_B,4,KMTB60K,143990
HUF-2025-Q1S1,172990,PR00011,KMTB60K_B,5,KMTB60K,143990
HUF-2025-Q1S1,175990,PR00011,KMTB60K_B,7,KMTB60K,179990
HUF-2025-Q1S1,106990,PR00011,KMTH60_J,1,KMTH60,84990
HUF-2025-Q1S1,163990,PR00011,KMTH60_J,2,KMTH60,138990
HUF-2025-Q1S1,163990,PR00011,KMTH60_J,3,KMTH60,138990
HUF-2025-Q1S1,163990,PR00011,KMTH60_J,4,KMTH60,138990
HUF-2025-Q1S1,163990,PR00011,KMTH60_J,5,KMTH60,138990
HUF-2025-Q1S1,165990,PR00011,KMTH60_J,7,KMTH60,167990
HUF-2025-Q1S1,106990,PR00011,KMTH60_B,1,KMTH60,84990
HUF-2025-Q1S1,163990,PR00011,KMTH60_B,2,KMTH60,138990
HUF-2025-Q1S1,163990,PR00011,KMTH60_B,3,KMTH60,138990
HUF-2025-Q1S1,163990,PR00011,KMTH60_B,4,KMTH60,138990
HUF-2025-Q1S1,163990,PR00011,KMTH60_B,5,KMTH60,138990
HUF-2025-Q1S1,165990,PR00011,KMTH60_B,7,KMTH60,167990
HUF-2025-Q1S1,106990,PR00011,K60R_J,1,K60R,75990
HUF-2025-Q1S1,163990,PR00011,K60R_J,2,K60R,128990
HUF-2025-Q1S1,163990,PR00011,K60R_J,3,K60R,128990
HUF-2025-Q1S1,163990,PR00011,K60R_J,4,K60R,128990
HUF-2025-Q1S1,163990,PR00011,K60R_J,5,K60R,128990
HUF-2025-Q1S1,164990,PR00011,K60R_J,7,K60R,161990
HUF-2025-Q1S1,106990,PR00011,K60R_B,1,K60R,75990
HUF-2025-Q1S1,163990,PR00011,K60R_B,2,K60R,128990
HUF-2025-Q1S1,163990,PR00011,K60R_B,3,K60R,128990
HUF-2025-Q1S1,163990,PR00011,K60R_B,4,K60R,128990
HUF-2025-Q1S1,163990,PR00011,K60R_B,5,K60R,128990
HUF-2025-Q1S1,164990,PR00011,K60R_B,7,K60R,161990
HUF-2025-Q1S1,110990,PR00011,K60_J,1,K60,83990
HUF-2025-Q1S1,172990,PR00011,K60_J,2,K60,140990
HUF-2025-Q1S1,172990,PR00011,K60_J,3,K60,140990
HUF-2025-Q1S1,172990,PR00011,K60_J,4,K60,140990
HUF-2025-Q1S1,172990,PR00011,K60_J,5,K60,140990
HUF-2025-Q1S1,174990,PR00011,K60_J,7,K60,177990
HUF-2025-Q1S1,110990,PR00011,K60_B,1,K60,83990
HUF-2025-Q1S1,172990,PR00011,K60_B,2,K60,140990
HUF-2025-Q1S1,172990,PR00011,K60_B,3,K60,140990
HUF-2025-Q1S1,172990,PR00011,K60_B,4,K60,140990
HUF-2025-Q1S1,172990,PR00011,K60_B,5,K60,140990
HUF-2025-Q1S1,174990,PR00011,K60_B,7,K60,177990
HUF-2025-Q1S1,90990,PR00011,K40R,1,K40R,69990
HUF-2025-Q1S1,120990,PR00011,K40R,2,K40R,104990
HUF-2025-Q1S1,120990,PR00011,K40R,3,K40R,104990
HUF-2025-Q1S1,120990,PR00011,K40R,4,K40R,104990
HUF-2025-Q1S1,120990,PR00011,K40R,5,K40R,104990
HUF-2025-Q1S1,121990,PR00011,K40R,7,K40R,125990
HUF-2025-Q1S1,65990,PR00011,KF60_J,1,KF60,72990
HUF-2025-Q1S1,95990,PR00011,KF60_J,2,KF60,93990
HUF-2025-Q1S1,95990,PR00011,KF60_J,3,KF60,93990
HUF-2025-Q1S1,95990,PR00011,KF60_J,4,KF60,93990
HUF-2025-Q1S1,95990,PR00011,KF60_J,5,KF60,93990
HUF-2025-Q1S1,96990,PR00011,KF60_J,7,KF60,112990
HUF-2025-Q1S1,65990,PR00011,KF60_B,1,KF60,72990
HUF-2025-Q1S1,95990,PR00011,KF60_B,2,KF60,93990
HUF-2025-Q1S1,95990,PR00011,KF60_B,3,KF60,93990
HUF-2025-Q1S1,95990,PR00011,KF60_B,4,KF60,93990
HUF-2025-Q1S1,95990,PR00011,KF60_B,5,KF60,93990
HUF-2025-Q1S1,96990,PR00011,KF60_B,7,KF60,112990
HUF-2025-Q1S1,83990,PR00011,KF60F,1,KF60F,93990
HUF-2025-Q1S1,157990,PR00011,KF60F,2,KF60F,136990
HUF-2025-Q1S1,157990,PR00011,KF60F,3,KF60F,136990
HUF-2025-Q1S1,157990,PR00011,KF60F,4,KF60F,136990
HUF-2025-Q1S1,157990,PR00011,KF60F,5,KF60F,136990
HUF-2025-Q1S1,179990,PR00011,KF60F,7,KF60F,187990
HUF-2025-Q1S1,41990,PR00011,F30_J,1,F30,45990
HUF-2025-Q1S1,48990,PR00011,F30_J,2,F30,55990
HUF-2025-Q1S1,48990,PR00011,F30_J,3,F30,55990
HUF-2025-Q1S1,48990,PR00011,F30_J,4,F30,55990
HUF-2025-Q1S1,48990,PR00011,F30_J,5,F30,55990
HUF-2025-Q1S1,49990,PR00011,F30_J,7,F30,54990
HUF-2025-Q1S1,41990,PR00011,F30_B,1,F30,45990
HUF-2025-Q1S1,48990,PR00011,F30_B,2,F30,55990
HUF-2025-Q1S1,48990,PR00011,F30_B,3,F30,55990
HUF-2025-Q1S1,48990,PR00011,F30_B,4,F30,55990
HUF-2025-Q1S1,48990,PR00011,F30_B,5,F30,55990
HUF-2025-Q1S1,49990,PR00011,F30_B,7,F30,54990
HUF-2025-Q1S1,42990,PR00011,F35_J,1,F35,46990
HUF-2025-Q1S1,51990,PR00011,F35_J,2,F35,57990
HUF-2025-Q1S1,51990,PR00011,F35_J,3,F35,57990
HUF-2025-Q1S1,51990,PR00011,F35_J,4,F35,57990
HUF-2025-Q1S1,51990,PR00011,F35_J,5,F35,57990
HUF-2025-Q1S1,51990,PR00011,F35_J,7,F35,56990
HUF-2025-Q1S1,42990,PR00011,F35_B,1,F35,46990
HUF-2025-Q1S1,51990,PR00011,F35_B,2,F35,57990
HUF-2025-Q1S1,51990,PR00011,F35_B,3,F35,57990
HUF-2025-Q1S1,51990,PR00011,F35_B,4,F35,57990
HUF-2025-Q1S1,51990,PR00011,F35_B,5,F35,57990
HUF-2025-Q1S1,51990,PR00011,F35_B,7,F35,56990
HUF-2025-Q1S1,43990,PR00011,F40_J,1,F40,47990
HUF-2025-Q1S1,53990,PR00011,F40_J,2,F40,60990
HUF-2025-Q1S1,53990,PR00011,F40_J,3,F40,60990
HUF-2025-Q1S1,53990,PR00011,F40_J,4,F40,60990
HUF-2025-Q1S1,53990,PR00011,F40_J,5,F40,60990
HUF-2025-Q1S1,54990,PR00011,F40_J,7,F40,59990
HUF-2025-Q1S1,43990,PR00011,F40_B,1,F40,47990
HUF-2025-Q1S1,53990,PR00011,F40_B,2,F40,60990
HUF-2025-Q1S1,53990,PR00011,F40_B,3,F40,60990
HUF-2025-Q1S1,53990,PR00011,F40_B,4,F40,60990
HUF-2025-Q1S1,53990,PR00011,F40_B,5,F40,60990
HUF-2025-Q1S1,54990,PR00011,F40_B,7,F40,59990
HUF-2025-Q1S1,43990,PR00011,F45_J,1,F45,47990
HUF-2025-Q1S1,55990,PR00011,F45_J,2,F45,62990
HUF-2025-Q1S1,55990,PR00011,F45_J,3,F45,62990
HUF-2025-Q1S1,55990,PR00011,F45_J,4,F45,62990
HUF-2025-Q1S1,55990,PR00011,F45_J,5,F45,62990
HUF-2025-Q1S1,56990,PR00011,F45_J,7,F45,61990
HUF-2025-Q1S1,43990,PR00011,F45_B,1,F45,47990
HUF-2025-Q1S1,55990,PR00011,F45_B,2,F45,62990
HUF-2025-Q1S1,55990,PR00011,F45_B,3,F45,62990
HUF-2025-Q1S1,55990,PR00011,F45_B,4,F45,62990
HUF-2025-Q1S1,55990,PR00011,F45_B,5,F45,62990
HUF-2025-Q1S1,56990,PR00011,F45_B,7,F45,61990
HUF-2025-Q1S1,44990,PR00011,F50_J,1,F50,48990
HUF-2025-Q1S1,57990,PR00011,F50_J,2,F50,66990
HUF-2025-Q1S1,57990,PR00011,F50_J,3,F50,66990
HUF-2025-Q1S1,57990,PR00011,F50_J,4,F50,66990
HUF-2025-Q1S1,57990,PR00011,F50_J,5,F50,66990
HUF-2025-Q1S1,58990,PR00011,F50_J,7,F50,64990
HUF-2025-Q1S1,44990,PR00011,F50_B,1,F50,48990
HUF-2025-Q1S1,57990,PR00011,F50_B,2,F50,66990
HUF-2025-Q1S1,57990,PR00011,F50_B,3,F50,66990
HUF-2025-Q1S1,57990,PR00011,F50_B,4,F50,66990
HUF-2025-Q1S1,57990,PR00011,F50_B,5,F50,66990
HUF-2025-Q1S1,58990,PR00011,F50_B,7,F50,64990
HUF-2025-Q1S1,45990,PR00011,F60E_J,1,F60E,50990
HUF-2025-Q1S1,62990,PR00011,F60E_J,2,F60E,70990
HUF-2025-Q1S1,62990,PR00011,F60E_J,3,F60E,70990
HUF-2025-Q1S1,62990,PR00011,F60E_J,4,F60E,70990
HUF-2025-Q1S1,62990,PR00011,F60E_J,5,F60E,70990
HUF-2025-Q1S1,63990,PR00011,F60E_J,7,F60E,68990
HUF-2025-Q1S1,45990,PR00011,F60E_B,1,F60E,50990
HUF-2025-Q1S1,62990,PR00011,F60E_B,2,F60E,70990
HUF-2025-Q1S1,62990,PR00011,F60E_B,3,F60E,70990
HUF-2025-Q1S1,62990,PR00011,F60E_B,4,F60E,70990
HUF-2025-Q1S1,62990,PR00011,F60E_B,5,F60E,70990
HUF-2025-Q1S1,63990,PR00011,F60E_B,7,F60E,68990
HUF-2025-Q1S1,45990,PR00011,F60_K,1,F60,52990
HUF-2025-Q1S1,62990,PR00011,F60_K,2,F60,72990
HUF-2025-Q1S1,62990,PR00011,F60_K,3,F60,72990
HUF-2025-Q1S1,62990,PR00011,F60_K,4,F60,72990
HUF-2025-Q1S1,62990,PR00011,F60_K,5,F60,72990
HUF-2025-Q1S1,64990,PR00011,F60_K,7,F60,71990
HUF-2025-Q1S1,51990,PR00011,F70,1,F70,54990
HUF-2025-Q1S1,70990,PR00011,F70,2,F70,76990
HUF-2025-Q1S1,70990,PR00011,F70,3,F70,76990
HUF-2025-Q1S1,70990,PR00011,F70,4,F70,76990
HUF-2025-Q1S1,70990,PR00011,F70,5,F70,76990
HUF-2025-Q1S1,73990,PR00011,F70,7,F70,76990
HUF-2025-Q1S1,51990,PR00011,F80,1,F80,56990
HUF-2025-Q1S1,70990,PR00011,F80,2,F80,82990
HUF-2025-Q1S1,70990,PR00011,F80,3,F80,82990
HUF-2025-Q1S1,70990,PR00011,F80,4,F80,82990
HUF-2025-Q1S1,70990,PR00011,F80,5,F80,82990
HUF-2025-Q1S1,73990,PR00011,F80,7,F80,79990
HUF-2025-Q1S1,66990,PR00011,F90,1,F90,57990
HUF-2025-Q1S1,78990,PR00011,F90,2,F90,85990
HUF-2025-Q1S1,78990,PR00011,F90,3,F90,85990
HUF-2025-Q1S1,78990,PR00011,F90,4,F90,85990
HUF-2025-Q1S1,78990,PR00011,F90,5,F90,85990
HUF-2025-Q1S1,80990,PR00011,F90,7,F90,84990
HUF-2025-Q1S1,58990,PR00011,FU45_J,2,FU45,60990
HUF-2025-Q1S1,58990,PR00011,FU45_J,3,FU45,60990
HUF-2025-Q1S1,58990,PR00011,FU45_J,4,FU45,60990
HUF-2025-Q1S1,58990,PR00011,FU45_J,5,FU45,60990
HUF-2025-Q1S1,59990,PR00011,FU45_J,7,FU45,60990
HUF-2025-Q1S1,58990,PR00011,FU45_B,2,FU45,60990
HUF-2025-Q1S1,58990,PR00011,FU45_B,3,FU45,60990
HUF-2025-Q1S1,58990,PR00011,FU45_B,4,FU45,60990
HUF-2025-Q1S1,58990,PR00011,FU45_B,5,FU45,60990
HUF-2025-Q1S1,59990,PR00011,FU45_B,7,FU45,60990
HUF-2025-Q1S1,98990,PR00011,FU90,2,FU90,81990
HUF-2025-Q1S1,98990,PR00011,FU90,3,FU90,81990
HUF-2025-Q1S1,98990,PR00011,FU90,4,FU90,81990
HUF-2025-Q1S1,98990,PR00011,FU90,5,FU90,81990
HUF-2025-Q1S1,100990,PR00011,FU90,7,FU90,92990
HUF-2025-Q1S1,37990,PR00011,FMF30,1,FMF30,42990
HUF-2025-Q1S1,51990,PR00011,FMF30,2,FMF30,58990
HUF-2025-Q1S1,51990,PR00011,FMF30,3,FMF30,58990
HUF-2025-Q1S1,51990,PR00011,FMF30,4,FMF30,58990
HUF-2025-Q1S1,51990,PR00011,FMF30,5,FMF30,58990
HUF-2025-Q1S1,53990,PR00011,FMF30,7,FMF30,56990
HUF-2025-Q1S1,38990,PR00011,FMF35,1,FMF35,42990
HUF-2025-Q1S1,53990,PR00011,FMF35,2,FMF35,59990
HUF-2025-Q1S1,53990,PR00011,FMF35,3,FMF35,59990
HUF-2025-Q1S1,53990,PR00011,FMF35,4,FMF35,59990
HUF-2025-Q1S1,53990,PR00011,FMF35,5,FMF35,59990
HUF-2025-Q1S1,54990,PR00011,FMF35,7,FMF35,57990
HUF-2025-Q1S1,38990,PR00011,FMF40,1,FMF40,43990
HUF-2025-Q1S1,54990,PR00011,FMF40,2,FMF40,60990
HUF-2025-Q1S1,54990,PR00011,FMF40,3,FMF40,60990
HUF-2025-Q1S1,54990,PR00011,FMF40,4,FMF40,60990
HUF-2025-Q1S1,54990,PR00011,FMF40,5,FMF40,60990
HUF-2025-Q1S1,55990,PR00011,FMF40,7,FMF40,58990
HUF-2025-Q1S1,39990,PR00011,FMF45,1,FMF45,43990
HUF-2025-Q1S1,55990,PR00011,FMF45,2,FMF45,61990
HUF-2025-Q1S1,55990,PR00011,FMF45,3,FMF45,61990
HUF-2025-Q1S1,55990,PR00011,FMF45,4,FMF45,61990
HUF-2025-Q1S1,55990,PR00011,FMF45,5,FMF45,61990
HUF-2025-Q1S1,56990,PR00011,FMF45,7,FMF45,59990
HUF-2025-Q1S1,40990,PR00011,FMF50,1,FMF50,43990
HUF-2025-Q1S1,56990,PR00011,FMF50,2,FMF50,62990
HUF-2025-Q1S1,56990,PR00011,FMF50,3,FMF50,62990
HUF-2025-Q1S1,56990,PR00011,FMF50,4,FMF50,62990
HUF-2025-Q1S1,56990,PR00011,FMF50,5,FMF50,62990
HUF-2025-Q1S1,57990,PR00011,FMF50,7,FMF50,61990
HUF-2025-Q1S1,41990,PR00011,FMF60,1,FMF60,45990
HUF-2025-Q1S1,58990,PR00011,FMF60,2,FMF60,65990
HUF-2025-Q1S1,58990,PR00011,FMF60,3,FMF60,65990
HUF-2025-Q1S1,58990,PR00011,FMF60,4,FMF60,65990
HUF-2025-Q1S1,58990,PR00011,FMF60,5,FMF60,65990
HUF-2025-Q1S1,59990,PR00011,FMF60,7,FMF60,63990
HUF-2025-Q1S1,42990,PR00011,FMF70,1,FMF70,45990
HUF-2025-Q1S1,61990,PR00011,FMF70,2,FMF70,67990
HUF-2025-Q1S1,61990,PR00011,FMF70,3,FMF70,67990
HUF-2025-Q1S1,61990,PR00011,FMF70,4,FMF70,67990
HUF-2025-Q1S1,61990,PR00011,FMF70,5,FMF70,67990
HUF-2025-Q1S1,62990,PR00011,FMF70,7,FMF70,65990
HUF-2025-Q1S1,43990,PR00011,FMF80,1,FMF80,46990
HUF-2025-Q1S1,63990,PR00011,FMF80,2,FMF80,69990
HUF-2025-Q1S1,63990,PR00011,FMF80,3,FMF80,69990
HUF-2025-Q1S1,63990,PR00011,FMF80,4,FMF80,69990
HUF-2025-Q1S1,63990,PR00011,FMF80,5,FMF80,69990
HUF-2025-Q1S1,64990,PR00011,FMF80,7,FMF80,67990
HUF-2025-Q1S1,43990,PR00011,FMF90,1,FMF90,47990
HUF-2025-Q1S1,65990,PR00011,FMF90,2,FMF90,72990
HUF-2025-Q1S1,65990,PR00011,FMF90,3,FMF90,72990
HUF-2025-Q1S1,65990,PR00011,FMF90,4,FMF90,72990
HUF-2025-Q1S1,65990,PR00011,FMF90,5,FMF90,72990
HUF-2025-Q1S1,66990,PR00011,FMF90,7,FMF90,70990
HUF-2025-Q1S1,38990,PR00011,FKF30,1,FKF30,44990
HUF-2025-Q1S1,54990,PR00011,FKF30,2,FKF30,61990
HUF-2025-Q1S1,54990,PR00011,FKF30,3,FKF30,61990
HUF-2025-Q1S1,54990,PR00011,FKF30,4,FKF30,61990
HUF-2025-Q1S1,54990,PR00011,FKF30,5,FKF30,61990
HUF-2025-Q1S1,55990,PR00011,FKF30,7,FKF30,63990
HUF-2025-Q1S1,40990,PR00011,FKF35,1,FKF35,45990
HUF-2025-Q1S1,55990,PR00011,FKF35,2,FKF35,62990
HUF-2025-Q1S1,55990,PR00011,FKF35,3,FKF35,62990
HUF-2025-Q1S1,55990,PR00011,FKF35,4,FKF35,62990
HUF-2025-Q1S1,55990,PR00011,FKF35,5,FKF35,62990
HUF-2025-Q1S1,56990,PR00011,FKF35,7,FKF35,61990
HUF-2025-Q1S1,41990,PR00011,FKF40,1,FKF40,46990
HUF-2025-Q1S1,56990,PR00011,FKF40,2,FKF40,64990
HUF-2025-Q1S1,56990,PR00011,FKF40,3,FKF40,64990
HUF-2025-Q1S1,56990,PR00011,FKF40,4,FKF40,64990
HUF-2025-Q1S1,56990,PR00011,FKF40,5,FKF40,64990
HUF-2025-Q1S1,57990,PR00011,FKF40,7,FKF40,66990
HUF-2025-Q1S1,42990,PR00011,FKF45,1,FKF45,46990
HUF-2025-Q1S1,58990,PR00011,FKF45,2,FKF45,64990
HUF-2025-Q1S1,58990,PR00011,FKF45,3,FKF45,64990
HUF-2025-Q1S1,58990,PR00011,FKF45,4,FKF45,64990
HUF-2025-Q1S1,58990,PR00011,FKF45,5,FKF45,64990
HUF-2025-Q1S1,59990,PR00011,FKF45,7,FKF45,63990
HUF-2025-Q1S1,43990,PR00011,FKF50,1,FKF50,47990
HUF-2025-Q1S1,59990,PR00011,FKF50,2,FKF50,66990
HUF-2025-Q1S1,59990,PR00011,FKF50,3,FKF50,66990
HUF-2025-Q1S1,59990,PR00011,FKF50,4,FKF50,66990
HUF-2025-Q1S1,59990,PR00011,FKF50,5,FKF50,66990
HUF-2025-Q1S1,60990,PR00011,FKF50,7,FKF50,65990
HUF-2025-Q1S1,45990,PR00011,FKF60,1,FKF60,49990
HUF-2025-Q1S1,61990,PR00011,FKF60,2,FKF60,70990
HUF-2025-Q1S1,61990,PR00011,FKF60,3,FKF60,70990
HUF-2025-Q1S1,61990,PR00011,FKF60,4,FKF60,70990
HUF-2025-Q1S1,61990,PR00011,FKF60,5,FKF60,70990
HUF-2025-Q1S1,62990,PR00011,FKF60,7,FKF60,73990
HUF-2025-Q1S1,46990,PR00011,FKF70,1,FKF70,49990
HUF-2025-Q1S1,65990,PR00011,FKF70,2,FKF70,71990
HUF-2025-Q1S1,65990,PR00011,FKF70,3,FKF70,71990
HUF-2025-Q1S1,65990,PR00011,FKF70,4,FKF70,71990
HUF-2025-Q1S1,65990,PR00011,FKF70,5,FKF70,71990
HUF-2025-Q1S1,66990,PR00011,FKF70,7,FKF70,75990
HUF-2025-Q1S1,48990,PR00011,FKF80,1,FKF80,50990
HUF-2025-Q1S1,66990,PR00011,FKF80,2,FKF80,73990
HUF-2025-Q1S1,66990,PR00011,FKF80,3,FKF80,73990
HUF-2025-Q1S1,66990,PR00011,FKF80,4,FKF80,73990
HUF-2025-Q1S1,66990,PR00011,FKF80,5,FKF80,73990
HUF-2025-Q1S1,67990,PR00011,FKF80,7,FKF80,79990
HUF-2025-Q1S1,55990,PR00011,FKF90,1,FKF90,51990
HUF-2025-Q1S1,75990,PR00011,FKF90,2,FKF90,76990
HUF-2025-Q1S1,75990,PR00011,FKF90,3,FKF90,76990
HUF-2025-Q1S1,75990,PR00011,FKF90,4,FKF90,76990
HUF-2025-Q1S1,75990,PR00011,FKF90,5,FKF90,76990
HUF-2025-Q1S1,76990,PR00011,FKF90,7,FKF90,83990
HUF-2025-Q1S1,48990,PR00011,FFZ45,1,FFZ45,51990
HUF-2025-Q1S1,88990,PR00011,FFZ45,2,FFZ45,86990
HUF-2025-Q1S1,88990,PR00011,FFZ45,3,FFZ45,86990
HUF-2025-Q1S1,88990,PR00011,FFZ45,4,FFZ45,86990
HUF-2025-Q1S1,88990,PR00011,FFZ45,5,FFZ45,86990
HUF-2025-Q1S1,90990,PR00011,FFZ45,7,FFZ45,90990
HUF-2025-Q1S1,48990,PR00011,FFZ50,1,FFZ50,52990
HUF-2025-Q1S1,89990,PR00011,FFZ50,2,FFZ50,89990
HUF-2025-Q1S1,89990,PR00011,FFZ50,3,FFZ50,89990
HUF-2025-Q1S1,89990,PR00011,FFZ50,4,FFZ50,89990
HUF-2025-Q1S1,89990,PR00011,FFZ50,5,FFZ50,89990
HUF-2025-Q1S1,91990,PR00011,FFZ50,7,FFZ50,91990
HUF-2025-Q1S1,48990,PR00011,FFZ60,1,FFZ60,54990
HUF-2025-Q1S1,91990,PR00011,FFZ60,2,FFZ60,95990
HUF-2025-Q1S1,91990,PR00011,FFZ60,3,FFZ60,95990
HUF-2025-Q1S1,91990,PR00011,FFZ60,4,FFZ60,95990
HUF-2025-Q1S1,91990,PR00011,FFZ60,5,FFZ60,95990
HUF-2025-Q1S1,94990,PR00011,FFZ60,7,FFZ60,96990
HUF-2025-Q1S1,44990,PR00011,FFM60,1,FFM60,50990
HUF-2025-Q1S1,73990,PR00011,FFM60,2,FFM60,71990
HUF-2025-Q1S1,73990,PR00011,FFM60,3,FFM60,71990
HUF-2025-Q1S1,73990,PR00011,FFM60,4,FFM60,71990
HUF-2025-Q1S1,73990,PR00011,FFM60,5,FFM60,71990
HUF-2025-Q1S1,73990,PR00011,FFM60,7,FFM60,74990
HUF-2025-Q1S1,51990,PR00011,FFZ70,1,FFZ70,55990
HUF-2025-Q1S1,106990,PR00011,FFZ70,2,FFZ70,97990
HUF-2025-Q1S1,106990,PR00011,FFZ70,3,FFZ70,97990
HUF-2025-Q1S1,106990,PR00011,FFZ70,4,FFZ70,97990
HUF-2025-Q1S1,106990,PR00011,FFZ70,5,FFZ70,97990
HUF-2025-Q1S1,108990,PR00011,FFZ70,7,FFZ70,104990
HUF-2025-Q1S1,51990,PR00011,FFZ80,1,FFZ80,56990
HUF-2025-Q1S1,106990,PR00011,FFZ80,2,FFZ80,102990
HUF-2025-Q1S1,106990,PR00011,FFZ80,3,FFZ80,102990
HUF-2025-Q1S1,106990,PR00011,FFZ80,4,FFZ80,102990
HUF-2025-Q1S1,106990,PR00011,FFZ80,5,FFZ80,102990
HUF-2025-Q1S1,108990,PR00011,FFZ80,7,FFZ80,107990
HUF-2025-Q1S1,66990,PR00011,FFZ90,1,FFZ90,58990
HUF-2025-Q1S1,114990,PR00011,FFZ90,2,FFZ90,107990
HUF-2025-Q1S1,114990,PR00011,FFZ90,3,FFZ90,107990
HUF-2025-Q1S1,114990,PR00011,FFZ90,4,FFZ90,107990
HUF-2025-Q1S1,114990,PR00011,FFZ90,5,FFZ90,107990
HUF-2025-Q1S1,116990,PR00011,FFZ90,7,FFZ90,113990
HUF-2025-Q1S1,122990,PR00011,FF90,2,FF90,111990
HUF-2025-Q1S1,122990,PR00011,FF90,3,FF90,111990
HUF-2025-Q1S1,122990,PR00011,FF90,4,FF90,111990
HUF-2025-Q1S1,122990,PR00011,FF90,5,FF90,111990
HUF-2025-Q1S1,123990,PR00011,FF90,7,FF90,118990
HUF-2025-Q1S1,49990,PR00011,F30_2A_J,2,F30_2A,57990
HUF-2025-Q1S1,49990,PR00011,F30_2A_J,3,F30_2A,57990
HUF-2025-Q1S1,49990,PR00011,F30_2A_J,4,F30_2A,57990
HUF-2025-Q1S1,49990,PR00011,F30_2A_J,5,F30_2A,57990
HUF-2025-Q1S1,51990,PR00011,F30_2A_J,7,F30_2A,55990
HUF-2025-Q1S1,49990,PR00011,F30_2A_B,2,F30_2A,57990
HUF-2025-Q1S1,49990,PR00011,F30_2A_B,3,F30_2A,57990
HUF-2025-Q1S1,49990,PR00011,F30_2A_B,4,F30_2A,57990
HUF-2025-Q1S1,49990,PR00011,F30_2A_B,5,F30_2A,57990
HUF-2025-Q1S1,51990,PR00011,F30_2A_B,7,F30_2A,55990
HUF-2025-Q1S1,51990,PR00011,F35_2A_J,2,F35_2A,58990
HUF-2025-Q1S1,51990,PR00011,F35_2A_J,3,F35_2A,58990
HUF-2025-Q1S1,51990,PR00011,F35_2A_J,4,F35_2A,58990
HUF-2025-Q1S1,51990,PR00011,F35_2A_J,5,F35_2A,58990
HUF-2025-Q1S1,54990,PR00011,F35_2A_J,7,F35_2A,57990
HUF-2025-Q1S1,51990,PR00011,F35_2A_B,2,F35_2A,58990
HUF-2025-Q1S1,51990,PR00011,F35_2A_B,3,F35_2A,58990
HUF-2025-Q1S1,51990,PR00011,F35_2A_B,4,F35_2A,58990
HUF-2025-Q1S1,51990,PR00011,F35_2A_B,5,F35_2A,58990
HUF-2025-Q1S1,54990,PR00011,F35_2A_B,7,F35_2A,57990
HUF-2025-Q1S1,54990,PR00011,F40_2A_J,2,F40_2A,60990
HUF-2025-Q1S1,54990,PR00011,F40_2A_J,3,F40_2A,60990
HUF-2025-Q1S1,54990,PR00011,F40_2A_J,4,F40_2A,60990
HUF-2025-Q1S1,54990,PR00011,F40_2A_J,5,F40_2A,60990
HUF-2025-Q1S1,56990,PR00011,F40_2A_J,7,F40_2A,59990
HUF-2025-Q1S1,54990,PR00011,F40_2A_B,2,F40_2A,60990
HUF-2025-Q1S1,54990,PR00011,F40_2A_B,3,F40_2A,60990
HUF-2025-Q1S1,54990,PR00011,F40_2A_B,4,F40_2A,60990
HUF-2025-Q1S1,54990,PR00011,F40_2A_B,5,F40_2A,60990
HUF-2025-Q1S1,56990,PR00011,F40_2A_B,7,F40_2A,59990
HUF-2025-Q1S1,56990,PR00011,F45_2A_J,2,F45_2A,62990
HUF-2025-Q1S1,56990,PR00011,F45_2A_J,3,F45_2A,62990
HUF-2025-Q1S1,56990,PR00011,F45_2A_J,4,F45_2A,62990
HUF-2025-Q1S1,56990,PR00011,F45_2A_J,5,F45_2A,62990
HUF-2025-Q1S1,58990,PR00011,F45_2A_J,7,F45_2A,61990
HUF-2025-Q1S1,56990,PR00011,F45_2A_B,2,F45_2A,62990
HUF-2025-Q1S1,56990,PR00011,F45_2A_B,3,F45_2A,62990
HUF-2025-Q1S1,56990,PR00011,F45_2A_B,4,F45_2A,62990
HUF-2025-Q1S1,56990,PR00011,F45_2A_B,5,F45_2A,62990
HUF-2025-Q1S1,58990,PR00011,F45_2A_B,7,F45_2A,61990
HUF-2025-Q1S1,60990,PR00011,FUZ45_J,2,FUZ45,63990
HUF-2025-Q1S1,60990,PR00011,FUZ45_J,3,FUZ45,63990
HUF-2025-Q1S1,60990,PR00011,FUZ45_J,4,FUZ45,63990
HUF-2025-Q1S1,60990,PR00011,FUZ45_J,5,FUZ45,63990
HUF-2025-Q1S1,62990,PR00011,FUZ45_J,7,FUZ45,64990
HUF-2025-Q1S1,60990,PR00011,FUZ45_B,2,FUZ45,63990
HUF-2025-Q1S1,60990,PR00011,FUZ45_B,3,FUZ45,63990
HUF-2025-Q1S1,60990,PR00011,FUZ45_B,4,FUZ45,63990
HUF-2025-Q1S1,60990,PR00011,FUZ45_B,5,FUZ45,63990
HUF-2025-Q1S1,62990,PR00011,FUZ45_B,7,FUZ45,64990
HUF-2025-Q1S1,40990,PR00011,EF50,1,EF50,44990
HUF-2025-Q1S1,56990,PR00011,EF50,2,EF50,62990
HUF-2025-Q1S1,56990,PR00011,EF50,3,EF50,62990
HUF-2025-Q1S1,56990,PR00011,EF50,4,EF50,62990
HUF-2025-Q1S1,56990,PR00011,EF50,5,EF50,62990
HUF-2025-Q1S1,57990,PR00011,EF50,7,EF50,61990
HUF-2025-Q1S1,43990,PR00011,EFT50,1,EFT50,47990
HUF-2025-Q1S1,53990,PR00011,EFT50,2,EFT50,55990
HUF-2025-Q1S1,53990,PR00011,EFT50,3,EFT50,55990
HUF-2025-Q1S1,53990,PR00011,EFT50,4,EFT50,55990
HUF-2025-Q1S1,53990,PR00011,EFT50,5,EFT50,55990
HUF-2025-Q1S1,55990,PR00011,EFT50,7,EFT50,56990
HUF-2025-Q1S1,42990,PR00011,EFT50F,1,EFT50F,46990
HUF-2025-Q1S1,63990,PR00011,EFT50F,2,EFT50F,70990
HUF-2025-Q1S1,63990,PR00011,EFT50F,3,EFT50F,70990
HUF-2025-Q1S1,63990,PR00011,EFT50F,4,EFT50F,70990
HUF-2025-Q1S1,63990,PR00011,EFT50F,5,EFT50F,70990
HUF-2025-Q1S1,64990,PR00011,EFT50F,7,EFT50F,68990
HUF-2025-Q1S1,41990,PR00011,EF60,1,EF60,45990
HUF-2025-Q1S1,58990,PR00011,EF60,2,EF60,65990
HUF-2025-Q1S1,58990,PR00011,EF60,3,EF60,65990
HUF-2025-Q1S1,58990,PR00011,EF60,4,EF60,65990
HUF-2025-Q1S1,58990,PR00011,EF60,5,EF60,65990
HUF-2025-Q1S1,59990,PR00011,EF60,7,EF60,63990
HUF-2025-Q1S1,44990,PR00011,EFT60_K,1,EFT60,48990
HUF-2025-Q1S1,56990,PR00011,EFT60_K,2,EFT60,63990
HUF-2025-Q1S1,56990,PR00011,EFT60_K,3,EFT60,63990
HUF-2025-Q1S1,56990,PR00011,EFT60_K,4,EFT60,63990
HUF-2025-Q1S1,56990,PR00011,EFT60_K,5,EFT60,63990
HUF-2025-Q1S1,58990,PR00011,EFT60_K,7,EFT60,62990
HUF-2025-Q1S1,43990,PR00011,EFT60F,1,EFT60F,47990
HUF-2025-Q1S1,65990,PR00011,EFT60F,2,EFT60F,73990
HUF-2025-Q1S1,65990,PR00011,EFT60F,3,EFT60F,73990
HUF-2025-Q1S1,65990,PR00011,EFT60F,4,EFT60F,73990
HUF-2025-Q1S1,65990,PR00011,EFT60F,5,EFT60F,73990
HUF-2025-Q1S1,66990,PR00011,EFT60F,7,EFT60F,70990
HUF-2025-Q1S1,43990,PR00011,FMFSZ_J,1,FMFSZ,44990
HUF-2025-Q1S1,48990,PR00011,FMFSZ_J,2,FMFSZ,55990
HUF-2025-Q1S1,48990,PR00011,FMFSZ_J,3,FMFSZ,55990
HUF-2025-Q1S1,48990,PR00011,FMFSZ_J,4,FMFSZ,55990
HUF-2025-Q1S1,48990,PR00011,FMFSZ_J,5,FMFSZ,55990
HUF-2025-Q1S1,49990,PR00011,FMFSZ_J,7,FMFSZ,53990
HUF-2025-Q1S1,43990,PR00011,FMFSZ_B,1,FMFSZ,44990
HUF-2025-Q1S1,48990,PR00011,FMFSZ_B,2,FMFSZ,55990
HUF-2025-Q1S1,48990,PR00011,FMFSZ_B,3,FMFSZ,55990
HUF-2025-Q1S1,48990,PR00011,FMFSZ_B,4,FMFSZ,55990
HUF-2025-Q1S1,48990,PR00011,FMFSZ_B,5,FMFSZ,55990
HUF-2025-Q1S1,49990,PR00011,FMFSZ_B,7,FMFSZ,53990
HUF-2025-Q1S1,48990,PR00011,FSZ_J,1,FSZ,54990
HUF-2025-Q1S1,60990,PR00011,FSZ_J,2,FSZ,68990
HUF-2025-Q1S1,60990,PR00011,FSZ_J,3,FSZ,68990
HUF-2025-Q1S1,60990,PR00011,FSZ_J,4,FSZ,68990
HUF-2025-Q1S1,60990,PR00011,FSZ_J,5,FSZ,68990
HUF-2025-Q1S1,61990,PR00011,FSZ_J,7,FSZ,65990
HUF-2025-Q1S1,48990,PR00011,FSZ_B,1,FSZ,54990
HUF-2025-Q1S1,60990,PR00011,FSZ_B,2,FSZ,68990
HUF-2025-Q1S1,60990,PR00011,FSZ_B,3,FSZ,68990
HUF-2025-Q1S1,60990,PR00011,FSZ_B,4,FSZ,68990
HUF-2025-Q1S1,60990,PR00011,FSZ_B,5,FSZ,68990
HUF-2025-Q1S1,61990,PR00011,FSZ_B,7,FSZ,65990
HUF-2025-Q1S1,63990,PR00011,FSZ_2A_J,2,FSZ_2A,71990
HUF-2025-Q1S1,63990,PR00011,FSZ_2A_J,3,FSZ_2A,71990
HUF-2025-Q1S1,63990,PR00011,FSZ_2A_J,4,FSZ_2A,71990
HUF-2025-Q1S1,63990,PR00011,FSZ_2A_J,5,FSZ_2A,71990
HUF-2025-Q1S1,65990,PR00011,FSZ_2A_J,7,FSZ_2A,70990
HUF-2025-Q1S1,63990,PR00011,FSZ_2A_B,2,FSZ_2A,71990
HUF-2025-Q1S1,63990,PR00011,FSZ_2A_B,3,FSZ_2A,71990
HUF-2025-Q1S1,63990,PR00011,FSZ_2A_B,4,FSZ_2A,71990
HUF-2025-Q1S1,63990,PR00011,FSZ_2A_B,5,FSZ_2A,71990
HUF-2025-Q1S1,65990,PR00011,FSZ_2A_B,7,FSZ_2A,70990
HUF-2025-Q1S1,56990,PR00011,FU40_J,2,FU40,62990
HUF-2025-Q1S1,56990,PR00011,FU40_J,3,FU40,62990
HUF-2025-Q1S1,56990,PR00011,FU40_J,4,FU40,62990
HUF-2025-Q1S1,56990,PR00011,FU40_J,5,FU40,62990
HUF-2025-Q1S1,57990,PR00011,FU40_J,7,FU40,60990
HUF-2025-Q1S1,56990,PR00011,FU40_B,2,FU40,62990
HUF-2025-Q1S1,56990,PR00011,FU40_B,3,FU40,62990
HUF-2025-Q1S1,56990,PR00011,FU40_B,4,FU40,62990
HUF-2025-Q1S1,56990,PR00011,FU40_B,5,FU40,62990
HUF-2025-Q1S1,57990,PR00011,FU40_B,7,FU40,60990
HUF-2025-Q1S1,87990,PR00011,FU80,2,FU80,86990
HUF-2025-Q1S1,87990,PR00011,FU80,3,FU80,86990
HUF-2025-Q1S1,87990,PR00011,FU80,4,FU80,86990
HUF-2025-Q1S1,87990,PR00011,FU80,5,FU80,86990
HUF-2025-Q1S1,89990,PR00011,FU80,7,FU80,89990
HUF-2025-Q1S1,66990,PR00011,F100,1,F100,59990
HUF-2025-Q1S1,78990,PR00011,F100,2,F100,95990
HUF-2025-Q1S1,78990,PR00011,F100,3,F100,95990
HUF-2025-Q1S1,78990,PR00011,F100,4,F100,95990
HUF-2025-Q1S1,78990,PR00011,F100,5,F100,95990
HUF-2025-Q1S1,80990,PR00011,F100,7,F100,90990
HUF-2025-Q1S1,63990,PR00011,FSU_J,2,FSU,73990
HUF-2025-Q1S1,63990,PR00011,FSU_J,3,FSU,73990
HUF-2025-Q1S1,63990,PR00011,FSU_J,4,FSU,73990
HUF-2025-Q1S1,63990,PR00011,FSU_J,5,FSU,73990
HUF-2025-Q1S1,64990,PR00011,FSU_J,7,FSU,69990
HUF-2025-Q1S1,63990,PR00011,FSU_B,2,FSU,73990
HUF-2025-Q1S1,63990,PR00011,FSU_B,3,FSU,73990
HUF-2025-Q1S1,63990,PR00011,FSU_B,4,FSU,73990
HUF-2025-Q1S1,63990,PR00011,FSU_B,5,FSU,73990
HUF-2025-Q1S1,64990,PR00011,FSU_B,7,FSU,69990
HUF-2025-Q1S1,1790,PR00011_CF00001,LE,1,LE,0
HUF-2025-Q1S1,1790,PR00011_CF00001,LE,2,LE,0
HUF-2025-Q1S1,1790,PR00011_CF00001,LE,3,LE,0
HUF-2025-Q1S1,1790,PR00011_CF00001,LE,4,LE,0
HUF-2025-Q1S1,1790,PR00011_CF00001,LE,5,LE,0
HUF-2025-Q1S1,1790,PR00011_CF00002,LE,7,LE,0
HUF-2025-Q1S1,75990,PR00011,AML80P,1,AML80P,65990
HUF-2025-Q1S1,119990,PR00011,AML80P,2,AML80P,116990
HUF-2025-Q1S1,119990,PR00011,AML80P,3,AML80P,116990
HUF-2025-Q1S1,119990,PR00011,AML80P,4,AML80P,116990
HUF-2025-Q1S1,119990,PR00011,AML80P,5,AML80P,116990
HUF-2025-Q1S1,121990,PR00011,AML80P,7,AML80P,120990
HUF-2025-Q1S1,63990,PR00011,AML60P_B,1,AML60P,57990
HUF-2025-Q1S1,83990,PR00011,AML60P_B,2,AML60P,98990
HUF-2025-Q1S1,83990,PR00011,AML60P_B,3,AML60P,98990
HUF-2025-Q1S1,83990,PR00011,AML60P_B,4,AML60P,98990
HUF-2025-Q1S1,83990,PR00011,AML60P_B,5,AML60P,98990
HUF-2025-Q1S1,84990,PR00011,AML60P_B,7,AML60P,91990
HUF-2025-Q1S1,59990,PR00011,ATF60P,1,ATF60P,59990
HUF-2025-Q1S1,69990,PR00011,ATF60P,2,ATF60P,85990
HUF-2025-Q1S1,69990,PR00011,ATF60P,3,ATF60P,85990
HUF-2025-Q1S1,69990,PR00011,ATF60P,4,ATF60P,85990
HUF-2025-Q1S1,69990,PR00011,ATF60P,5,ATF60P,85990
HUF-2025-Q1S1,70990,PR00011,ATF60P,7,ATF60P,78990
HUF-2025-Q1S1,68990,PR00011,AMO80P,1,AMO80P,61990
HUF-2025-Q1S1,103990,PR00011,AMO80P,2,AMO80P,112990
HUF-2025-Q1S1,103990,PR00011,AMO80P,3,AMO80P,112990
HUF-2025-Q1S1,103990,PR00011,AMO80P,4,AMO80P,112990
HUF-2025-Q1S1,103990,PR00011,AMO80P,5,AMO80P,112990
HUF-2025-Q1S1,105990,PR00011,AMO80P,7,AMO80P,110990
HUF-2025-Q1S1,71990,PR00011,AMO90P,1,AMO90P,63990
HUF-2025-Q1S1,110990,PR00011,AMO90P,2,AMO90P,118990
HUF-2025-Q1S1,110990,PR00011,AMO90P,3,AMO90P,118990
HUF-2025-Q1S1,110990,PR00011,AMO90P,4,AMO90P,118990
HUF-2025-Q1S1,110990,PR00011,AMO90P,5,AMO90P,118990
HUF-2025-Q1S1,112990,PR00011,AMO90P,7,AMO90P,116990
HUF-2025-Q1S1,63990,PR00011,ASL90_J,1,ASL90,72990
HUF-2025-Q1S1,63990,PR00011,ASL90_J,2,ASL90,93990
HUF-2025-Q1S1,63990,PR00011,ASL90_J,3,ASL90,93990
HUF-2025-Q1S1,63990,PR00011,ASL90_J,4,ASL90,93990
HUF-2025-Q1S1,63990,PR00011,ASL90_J,5,ASL90,93990
HUF-2025-Q1S1,64990,PR00011,ASL90_J,7,ASL90,91990
HUF-2025-Q1S1,63990,PR00011,ASL90_B,1,ASL90,72990
HUF-2025-Q1S1,63990,PR00011,ASL90_B,2,ASL90,93990
HUF-2025-Q1S1,63990,PR00011,ASL90_B,3,ASL90,93990
HUF-2025-Q1S1,63990,PR00011,ASL90_B,4,ASL90,93990
HUF-2025-Q1S1,63990,PR00011,ASL90_B,5,ASL90,93990
HUF-2025-Q1S1,64990,PR00011,ASL90_B,7,ASL90,91990
HUF-2025-Q1S1,51990,PR00011,EF80_72,1,EF80_72,0
HUF-2025-Q1S1,64990,PR00011,EF80_72,2,EF80_72,0
HUF-2025-Q1S1,64990,PR00011,EF80_72,3,EF80_72,0
HUF-2025-Q1S1,64990,PR00011,EF80_72,4,EF80_72,0
HUF-2025-Q1S1,64990,PR00011,EF80_72,5,EF80_72,0
HUF-2025-Q1S1,66990,PR00011,EF80_72,7,EF80_72,0
HUF-2025-Q1S1,43990,PR00011,EFT50_68_J,1,EFT50_68E,43990
HUF-2025-Q1S1,46990,PR00011,EFT50_68_J,2,EFT50_68E,60990
HUF-2025-Q1S1,46990,PR00011,EFT50_68_J,3,EFT50_68E,60990
HUF-2025-Q1S1,46990,PR00011,EFT50_68_J,4,EFT50_68E,60990
HUF-2025-Q1S1,46990,PR00011,EFT50_68_J,5,EFT50_68E,60990
HUF-2025-Q1S1,48990,PR00011,EFT50_68_J,7,EFT50_68E,54990
HUF-2025-Q1S1,43990,PR00011,EFT50_68_B,1,EFT50_68E,43990
HUF-2025-Q1S1,46990,PR00011,EFT50_68_B,2,EFT50_68E,60990
HUF-2025-Q1S1,46990,PR00011,EFT50_68_B,3,EFT50_68E,60990
HUF-2025-Q1S1,46990,PR00011,EFT50_68_B,4,EFT50_68E,60990
HUF-2025-Q1S1,46990,PR00011,EFT50_68_B,5,EFT50_68E,60990
HUF-2025-Q1S1,48990,PR00011,EFT50_68_B,7,EFT50_68E,54990
HUF-2025-Q1S1,43990,PR00011,EFT50_68_K,1,EFT50_68,48990
HUF-2025-Q1S1,46990,PR00011,EFT50_68_K,2,EFT50_68,61990
HUF-2025-Q1S1,46990,PR00011,EFT50_68_K,3,EFT50_68,61990
HUF-2025-Q1S1,46990,PR00011,EFT50_68_K,4,EFT50_68,61990
HUF-2025-Q1S1,46990,PR00011,EFT50_68_K,5,EFT50_68,61990
HUF-2025-Q1S1,48990,PR00011,EFT50_68_K,7,EFT50_68,56990
HUF-2025-Q1S1,44990,PR00011,EFT60_68_J,1,EFT60_68,49990
HUF-2025-Q1S1,58990,PR00011,EFT60_68_J,2,EFT60_68,65990
HUF-2025-Q1S1,58990,PR00011,EFT60_68_J,3,EFT60_68,65990
HUF-2025-Q1S1,58990,PR00011,EFT60_68_J,4,EFT60_68,65990
HUF-2025-Q1S1,58990,PR00011,EFT60_68_J,5,EFT60_68,65990
HUF-2025-Q1S1,60990,PR00011,EFT60_68_J,7,EFT60_68,65990
HUF-2025-Q1S1,44990,PR00011,EFT60_68_K,1,EFT60_68,49990
HUF-2025-Q1S1,58990,PR00011,EFT60_68_K,2,EFT60_68,65990
HUF-2025-Q1S1,58990,PR00011,EFT60_68_K,3,EFT60_68,65990
HUF-2025-Q1S1,58990,PR00011,EFT60_68_K,4,EFT60_68,65990
HUF-2025-Q1S1,58990,PR00011,EFT60_68_K,5,EFT60_68,65990
HUF-2025-Q1S1,60990,PR00011,EFT60_68_K,7,EFT60_68,65990
HUF-2025-Q1S1,46990,PR00011,EF60_72_J,1,EF60_72,49990
HUF-2025-Q1S1,56990,PR00011,EF60_72_J,2,EF60_72,70990
HUF-2025-Q1S1,56990,PR00011,EF60_72_J,3,EF60_72,70990
HUF-2025-Q1S1,56990,PR00011,EF60_72_J,4,EF60_72,70990
HUF-2025-Q1S1,56990,PR00011,EF60_72_J,5,EF60_72,70990
HUF-2025-Q1S1,57990,PR00011,EF60_72_J,7,EF60_72,68990
HUF-2025-Q1S1,46990,PR00011,EF60_72_B,1,EF60_72,49990
HUF-2025-Q1S1,56990,PR00011,EF60_72_B,2,EF60_72,70990
HUF-2025-Q1S1,56990,PR00011,EF60_72_B,3,EF60_72,70990
HUF-2025-Q1S1,56990,PR00011,EF60_72_B,4,EF60_72,70990
HUF-2025-Q1S1,56990,PR00011,EF60_72_B,5,EF60_72,70990
HUF-2025-Q1S1,57990,PR00011,EF60_72_B,7,EF60_72,68990
HUF-2025-Q1S1,56990,PR00011,FSL60_J,1,FSL60,61990
HUF-2025-Q1S1,83990,PR00011,FSL60_J,2,FSL60,78990
HUF-2025-Q1S1,83990,PR00011,FSL60_J,3,FSL60,78990
HUF-2025-Q1S1,83990,PR00011,FSL60_J,4,FSL60,78990
HUF-2025-Q1S1,83990,PR00011,FSL60_J,5,FSL60,78990
HUF-2025-Q1S1,84990,PR00011,FSL60_J,7,FSL60,82990
HUF-2025-Q1S1,56990,PR00011,FSL60_B,1,FSL60,61990
HUF-2025-Q1S1,83990,PR00011,FSL60_B,2,FSL60,78990
HUF-2025-Q1S1,83990,PR00011,FSL60_B,3,FSL60,78990
HUF-2025-Q1S1,83990,PR00011,FSL60_B,4,FSL60,78990
HUF-2025-Q1S1,83990,PR00011,FSL60_B,5,FSL60,78990
HUF-2025-Q1S1,84990,PR00011,FSL60_B,7,FSL60,82990
HUF-2025-Q1S1,95990,PR00011,KMTB601F_J,1,KMTB601F,88990
HUF-2025-Q1S1,180990,PR00011,KMTB601F_J,2,KMTB601F,124990
HUF-2025-Q1S1,180990,PR00011,KMTB601F_J,3,KMTB601F,124990
HUF-2025-Q1S1,180990,PR00011,KMTB601F_J,4,KMTB601F,124990
HUF-2025-Q1S1,180990,PR00011,KMTB601F_J,5,KMTB601F,124990
HUF-2025-Q1S1,190990,PR00011,KMTB601F_J,7,KMTB601F,181990
HUF-2025-Q1S1,95990,PR00011,KMTB601F_B,1,KMTB601F,88990
HUF-2025-Q1S1,180990,PR00011,KMTB601F_B,2,KMTB601F,124990
HUF-2025-Q1S1,180990,PR00011,KMTB601F_B,3,KMTB601F,124990
HUF-2025-Q1S1,180990,PR00011,KMTB601F_B,4,KMTB601F,124990
HUF-2025-Q1S1,180990,PR00011,KMTB601F_B,5,KMTB601F,124990
HUF-2025-Q1S1,190990,PR00011,KMTB601F_B,7,KMTB601F,181990
HUF-2025-Q1S1,106990,PR00011,KMTH60W_J,1,KMTH60W,83990
HUF-2025-Q1S1,163990,PR00011,KMTH60W_J,2,KMTH60W,137990
HUF-2025-Q1S1,163990,PR00011,KMTH60W_J,3,KMTH60W,137990
HUF-2025-Q1S1,163990,PR00011,KMTH60W_J,4,KMTH60W,137990
HUF-2025-Q1S1,163990,PR00011,KMTH60W_J,5,KMTH60W,137990
HUF-2025-Q1S1,165990,PR00011,KMTH60W_J,7,KMTH60W,166990
HUF-2025-Q1S1,106990,PR00011,KMTH60W_B,1,KMTH60W,83990
HUF-2025-Q1S1,163990,PR00011,KMTH60W_B,2,KMTH60W,137990
HUF-2025-Q1S1,163990,PR00011,KMTH60W_B,3,KMTH60W,137990
HUF-2025-Q1S1,163990,PR00011,KMTH60W_B,4,KMTH60W,137990
HUF-2025-Q1S1,163990,PR00011,KMTH60W_B,5,KMTH60W,137990
HUF-2025-Q1S1,165990,PR00011,KMTH60W_B,7,KMTH60W,166990
HUF-2025-Q1S1,68990,PR00011,ASZHS45,1,ASZHS45,72990
HUF-2025-Q1S1,80990,PR00011,ASZHS45,2,ASZHS45,87990
HUF-2025-Q1S1,80990,PR00011,ASZHS45,3,ASZHS45,87990
HUF-2025-Q1S1,80990,PR00011,ASZHS45,4,ASZHS45,87990
HUF-2025-Q1S1,80990,PR00011,ASZHS45,5,ASZHS45,87990
HUF-2025-Q1S1,100990,PR00011,ASZHS45,7,ASZHS45,95990
HUF-2025-Q1S1,70990,PR00011,ASZHS60,1,ASZHS60,75990
HUF-2025-Q1S1,97990,PR00011,ASZHS60,2,ASZHS60,95990
HUF-2025-Q1S1,97990,PR00011,ASZHS60,3,ASZHS60,95990
HUF-2025-Q1S1,97990,PR00011,ASZHS60,4,ASZHS60,95990
HUF-2025-Q1S1,97990,PR00011,ASZHS60,5,ASZHS60,95990
HUF-2025-Q1S1,117990,PR00011,ASZHS60,7,ASZHS60,107990
HUF-2025-Q1S1,3990,PR00011,LOTF_OTDE,1,LOTF_OTDE,0
HUF-2025-Q1S1,3790,PR00011,LOTF_OTDE,2,LOTF_OTDE,0
HUF-2025-Q1S1,3790,PR00011,LOTF_OTDE,3,LOTF_OTDE,0
HUF-2025-Q1S1,3790,PR00011,LOTF_OTDE,4,LOTF_OTDE,0
HUF-2025-Q1S1,3790,PR00011,LOTF_OTDE,5,LOTF_OTDE,0
HUF-2025-Q1S1,5690,PR00011,LOTF_OTDE,7,LOTF_OTDE,0
HUF-2025-Q1S1,2390,PR00011,LOTF_OTDF,1,LOTF_OTDF,0
HUF-2025-Q1S1,2390,PR00011,LOTF_OTDF,2,LOTF_OTDF,0
HUF-2025-Q1S1,2390,PR00011,LOTF_OTDF,3,LOTF_OTDF,0
HUF-2025-Q1S1,2390,PR00011,LOTF_OTDF,4,LOTF_OTDF,0
HUF-2025-Q1S1,2390,PR00011,LOTF_OTDF,5,LOTF_OTDF,0
HUF-2025-Q1S1,3490,PR00011,LOTF_OTDF,7,LOTF_OTDF,0
HUF-2025-Q1S1,6990,PR00011,LOTF_OTD_E,1,LOTF_OTD_E,0
HUF-2025-Q1S1,6990,PR00011,LOTF_OTD_E,2,LOTF_OTD_E,0
HUF-2025-Q1S1,6990,PR00011,LOTF_OTD_E,3,LOTF_OTD_E,0
HUF-2025-Q1S1,6990,PR00011,LOTF_OTD_E,4,LOTF_OTD_E,0
HUF-2025-Q1S1,6990,PR00011,LOTF_OTD_E,5,LOTF_OTD_E,0
HUF-2025-Q1S1,10290,PR00011,LOTF_OTD_E,7,LOTF_OTD_E,0
HUF-2025-Q1S1,5990,PR00011,LOTF_OTDE_F,1,LOTF_OTDE_F,0
HUF-2025-Q1S1,5990,PR00011,LOTF_OTDE_F,2,LOTF_OTDE_F,0
HUF-2025-Q1S1,5990,PR00011,LOTF_OTDE_F,3,LOTF_OTDE_F,0
HUF-2025-Q1S1,5990,PR00011,LOTF_OTDE_F,4,LOTF_OTDE_F,0
HUF-2025-Q1S1,5990,PR00011,LOTF_OTDE_F,5,LOTF_OTDE_F,0
HUF-2025-Q1S1,8990,PR00011,LOTF_OTDE_F,7,LOTF_OTDE_F,0
HUF-2025-Q1S1,4590,PR00011,LOTF_OTD,1,LOTF_OTD,0
HUF-2025-Q1S1,4590,PR00011,LOTF_OTD,2,LOTF_OTD,0
HUF-2025-Q1S1,4590,PR00011,LOTF_OTD,3,LOTF_OTD,0
HUF-2025-Q1S1,4590,PR00011,LOTF_OTD,4,LOTF_OTD,0
HUF-2025-Q1S1,4590,PR00011,LOTF_OTD,5,LOTF_OTD,0
HUF-2025-Q1S1,6990,PR00011,LOTF_OTD,7,LOTF_OTD,0
HUF-2025-Q1S1,39990,PR00011,FMFSL60_J,1,FMFSL60,53990
HUF-2025-Q1S1,71990,PR00011,FMFSL60_J,2,FMFSL60,64990
HUF-2025-Q1S1,71990,PR00011,FMFSL60_J,3,FMFSL60,64990
HUF-2025-Q1S1,71990,PR00011,FMFSL60_J,4,FMFSL60,64990
HUF-2025-Q1S1,71990,PR00011,FMFSL60_J,5,FMFSL60,64990
HUF-2025-Q1S1,73990,PR00011,FMFSL60_J,7,FMFSL60,69990
HUF-2025-Q1S1,39990,PR00011,FMFSL60_B,1,FMFSL60,53990
HUF-2025-Q1S1,71990,PR00011,FMFSL60_B,2,FMFSL60,64990
HUF-2025-Q1S1,71990,PR00011,FMFSL60_B,3,FMFSL60,64990
HUF-2025-Q1S1,71990,PR00011,FMFSL60_B,4,FMFSL60,64990
HUF-2025-Q1S1,71990,PR00011,FMFSL60_B,5,FMFSL60,64990
HUF-2025-Q1S1,73990,PR00011,FMFSL60_B,7,FMFSL60,69990
HUF-2025-Q1S1,75990,PR00011,AS110P_J,1,AS110P,70990
HUF-2025-Q1S1,102990,PR00011,AS110P_J,2,AS110P,128990
HUF-2025-Q1S1,102990,PR00011,AS110P_J,3,AS110P,128990
HUF-2025-Q1S1,102990,PR00011,AS110P_J,4,AS110P,128990
HUF-2025-Q1S1,102990,PR00011,AS110P_J,5,AS110P,128990
HUF-2025-Q1S1,103990,PR00011,AS110P_J,7,AS110P,117990
HUF-2025-Q1S1,75990,PR00011,AS110P_B,1,AS110P,70990
HUF-2025-Q1S1,102990,PR00011,AS110P_B,2,AS110P,128990
HUF-2025-Q1S1,102990,PR00011,AS110P_B,3,AS110P,128990
HUF-2025-Q1S1,102990,PR00011,AS110P_B,4,AS110P,128990
HUF-2025-Q1S1,102990,PR00011,AS110P_B,5,AS110P,128990
HUF-2025-Q1S1,103990,PR00011,AS110P_B,7,AS110P,117990
HUF-2025-Q1S1,8990,PR00011,LOTA_OTASA,1,LOTA_OTASA,0
HUF-2025-Q1S1,8990,PR00011,LOTA_OTASA,2,LOTA_OTASA,0
HUF-2025-Q1S1,8990,PR00011,LOTA_OTASA,3,LOTA_OTASA,0
HUF-2025-Q1S1,8990,PR00011,LOTA_OTASA,4,LOTA_OTASA,0
HUF-2025-Q1S1,8990,PR00011,LOTA_OTASA,5,LOTA_OTASA,0
HUF-2025-Q1S1,12990,PR00011,LOTA_OTASA,7,LOTA_OTASA,0
HUF-2025-Q1S1,7990,PR00011,LOTA_OTASB,1,LOTA_OTASB,0
HUF-2025-Q1S1,7990,PR00011,LOTA_OTASB,2,LOTA_OTASB,0
HUF-2025-Q1S1,7990,PR00011,LOTA_OTASB,3,LOTA_OTASB,0
HUF-2025-Q1S1,7990,PR00011,LOTA_OTASB,4,LOTA_OTASB,0
HUF-2025-Q1S1,7990,PR00011,LOTA_OTASB,5,LOTA_OTASB,0
HUF-2025-Q1S1,11490,PR00011,LOTA_OTASB,7,LOTA_OTASB,0
HUF-2025-Q1S1,57990,PR00011,AMO60P_J,1,AMO60P,54990
HUF-2025-Q1S1,80990,PR00011,AMO60P_J,2,AMO60P,95990
HUF-2025-Q1S1,80990,PR00011,AMO60P_J,3,AMO60P,95990
HUF-2025-Q1S1,80990,PR00011,AMO60P_J,4,AMO60P,95990
HUF-2025-Q1S1,80990,PR00011,AMO60P_J,5,AMO60P,95990
HUF-2025-Q1S1,81990,PR00011,AMO60P_J,7,AMO60P,88990
HUF-2025-Q1S1,57990,PR00011,AMO60P_B,1,AMO60P,54990
HUF-2025-Q1S1,80990,PR00011,AMO60P_B,2,AMO60P,95990
HUF-2025-Q1S1,80990,PR00011,AMO60P_B,3,AMO60P,95990
HUF-2025-Q1S1,80990,PR00011,AMO60P_B,4,AMO60P,95990
HUF-2025-Q1S1,80990,PR00011,AMO60P_B,5,AMO60P,95990
HUF-2025-Q1S1,81990,PR00011,AMO60P_B,7,AMO60P,88990
HUF-2025-Q1S1,117990,PR00011,KMTH75W_J,1,KMTH75W,83990
HUF-2025-Q1S1,163990,PR00011,KMTH75W_J,2,KMTH75W,153990
HUF-2025-Q1S1,163990,PR00011,KMTH75W_J,3,KMTH75W,153990
HUF-2025-Q1S1,163990,PR00011,KMTH75W_J,4,KMTH75W,153990
HUF-2025-Q1S1,163990,PR00011,KMTH75W_J,5,KMTH75W,153990
HUF-2025-Q1S1,165990,PR00011,KMTH75W_J,7,KMTH75W,168990
HUF-2025-Q1S1,117990,PR00011,KMTH75W_B,1,KMTH75W,83990
HUF-2025-Q1S1,163990,PR00011,KMTH75W_B,2,KMTH75W,153990
HUF-2025-Q1S1,163990,PR00011,KMTH75W_B,3,KMTH75W,153990
HUF-2025-Q1S1,163990,PR00011,KMTH75W_B,4,KMTH75W,153990
HUF-2025-Q1S1,163990,PR00011,KMTH75W_B,5,KMTH75W,153990
HUF-2025-Q1S1,165990,PR00011,KMTH75W_B,7,KMTH75W,168990
HUF-2025-Q1S1,14990,PR00011,LTFK,1,LTFK,0
HUF-2025-Q1S1,15990,PR00011,LTFK,2,LTFK,0
HUF-2025-Q1S1,15990,PR00011,LTFK,3,LTFK,0
HUF-2025-Q1S1,15990,PR00011,LTFK,4,LTFK,0
HUF-2025-Q1S1,15990,PR00011,LTFK,5,LTFK,0
HUF-2025-Q1S1,15990,PR00011,LTFK,7,LTFK,0
HUF-2025-Q1S1,20990,PR00011,LOTA_OTAFA,1,LOTA_OTAFA,0
HUF-2025-Q1S1,20990,PR00011,LOTA_OTAFA,2,LOTA_OTAFA,0
HUF-2025-Q1S1,20990,PR00011,LOTA_OTAFA,3,LOTA_OTAFA,0
HUF-2025-Q1S1,20990,PR00011,LOTA_OTAFA,4,LOTA_OTAFA,0
HUF-2025-Q1S1,20990,PR00011,LOTA_OTAFA,5,LOTA_OTAFA,0
HUF-2025-Q1S1,30990,PR00011,LOTA_OTAFA,7,LOTA_OTAFA,0
HUF-2025-Q1S1,3990,PR00011,LOTF_OTDT,1,LOTF_OTDT,0
HUF-2025-Q1S1,3990,PR00011,LOTF_OTDT,2,LOTF_OTDT,0
HUF-2025-Q1S1,3990,PR00011,LOTF_OTDT,3,LOTF_OTDT,0
HUF-2025-Q1S1,3990,PR00011,LOTF_OTDT,4,LOTF_OTDT,0
HUF-2025-Q1S1,3990,PR00011,LOTF_OTDT,5,LOTF_OTDT,0
HUF-2025-Q1S1,6190,PR00011,LOTF_OTDT,7,LOTF_OTDT,0
HUF-2025-Q1S1,3990,PR00011,LOTF_OTFK,1,LOTF_OTFK,0
HUF-2025-Q1S1,3690,PR00011,LOTF_OTFK,2,LOTF_OTFK,0
HUF-2025-Q1S1,3690,PR00011,LOTF_OTFK,3,LOTF_OTFK,0
HUF-2025-Q1S1,3690,PR00011,LOTF_OTFK,4,LOTF_OTFK,0
HUF-2025-Q1S1,3690,PR00011,LOTF_OTFK,5,LOTF_OTFK,0
HUF-2025-Q1S1,5590,PR00011,LOTF_OTFK,7,LOTF_OTFK,0
HUF-2025-Q1S1,0,ZeroPrice,AAFE40_B,0,AAFE40,0
HUF-2025-Q1S1,0,ZeroPrice,AAFE40_J,0,AAFE40,0
HUF-2025-Q1S1,0,ZeroPrice,AAFE45_B,0,AAFE45,0
HUF-2025-Q1S1,0,ZeroPrice,AAFE45_J,0,AAFE45,0
HUF-2025-Q1S1,0,ZeroPrice,AAFE50_B,0,AAFE50,0
HUF-2025-Q1S1,0,ZeroPrice,AAFE50_J,0,AAFE50,0
HUF-2025-Q1S1,0,ZeroPrice,AAFE60_B,0,AAFE60E,0
HUF-2025-Q1S1,0,ZeroPrice,AAFE60_J,0,AAFE60E,0
HUF-2025-Q1S1,0,ZeroPrice,AAFE60_K,0,AAFE60,0
HUF-2025-Q1S1,0,ZeroPrice,AAFE80,0,AAFE80,0
HUF-2025-Q1S1,0,ZeroPrice,AAFE90,0,AAFE90,0
HUF-2025-Q1S1,0,ZeroPrice,AET40_B,0,AET40,0
HUF-2025-Q1S1,0,ZeroPrice,AET40_J,0,AET40,0
HUF-2025-Q1S1,0,ZeroPrice,AF40,0,AF40,0
HUF-2025-Q1S1,0,ZeroPrice,AF45,0,AF45,0
HUF-2025-Q1S1,0,ZeroPrice,AF50,0,AF50,0
HUF-2025-Q1S1,0,ZeroPrice,AF60,0,AF60,0
HUF-2025-Q1S1,0,ZeroPrice,AF80,0,AF80,0
HUF-2025-Q1S1,0,ZeroPrice,AF90,0,AF90,0
HUF-2025-Q1S1,0,ZeroPrice,AKL30,0,AKL30,0
HUF-2025-Q1S1,0,ZeroPrice,AKL40,0,AKL40,0
HUF-2025-Q1S1,0,ZeroPrice,AML100,0,AML100,0
HUF-2025-Q1S1,0,ZeroPrice,AML30_B,0,AML30,0
HUF-2025-Q1S1,0,ZeroPrice,AML30_J,0,AML30,0
HUF-2025-Q1S1,0,ZeroPrice,AML35_B,0,AML35,0
HUF-2025-Q1S1,0,ZeroPrice,AML35_J,0,AML35,0
HUF-2025-Q1S1,0,ZeroPrice,AML40P_B,0,AML40P,0
HUF-2025-Q1S1,0,ZeroPrice,AML40P_J,0,AML40P,0
HUF-2025-Q1S1,0,ZeroPrice,AML40_B,0,AML40,0
HUF-2025-Q1S1,0,ZeroPrice,AML40_J,0,AML40,0
HUF-2025-Q1S1,0,ZeroPrice,AML45P_B,0,AML45P,0
HUF-2025-Q1S1,0,ZeroPrice,AML45P_J,0,AML45P,0
HUF-2025-Q1S1,0,ZeroPrice,AML45_B,0,AML45,0
HUF-2025-Q1S1,0,ZeroPrice,AML45_J,0,AML45,0
HUF-2025-Q1S1,0,ZeroPrice,AML50_B,0,AML50,0
HUF-2025-Q1S1,0,ZeroPrice,AML50_J,0,AML50,0
HUF-2025-Q1S1,0,ZeroPrice,AML60E_B,0,AML60E,0
HUF-2025-Q1S1,0,ZeroPrice,AML60E_J,0,AML60E,0
HUF-2025-Q1S1,0,ZeroPrice,AML60P_B,0,AML60P,0
HUF-2025-Q1S1,0,ZeroPrice,AML60P_J,0,AML60P,0
HUF-2025-Q1S1,0,ZeroPrice,AML60_K,0,AML60,0
HUF-2025-Q1S1,0,ZeroPrice,AML70,0,AML70,0
HUF-2025-Q1S1,0,ZeroPrice,AML80,0,AML80,0
HUF-2025-Q1S1,0,ZeroPrice,AML80P,0,AML80P,0
HUF-2025-Q1S1,0,ZeroPrice,AML90,0,AML90,0
HUF-2025-Q1S1,0,ZeroPrice,AML90P,0,AML90P,0
HUF-2025-Q1S1,0,ZeroPrice,AMO100,0,AMO100,0
HUF-2025-Q1S1,0,ZeroPrice,AMO60E_B,0,AMO60E,0
HUF-2025-Q1S1,0,ZeroPrice,AMO60E_J,0,AMO60E,0
HUF-2025-Q1S1,0,ZeroPrice,AMO60P_B,0,AMO60P,0
HUF-2025-Q1S1,0,ZeroPrice,AMO60P_J,0,AMO60P,0
HUF-2025-Q1S1,0,ZeroPrice,AMO60_K,0,AMO60,0
HUF-2025-Q1S1,0,ZeroPrice,AMO70,0,AMO70,0
HUF-2025-Q1S1,0,ZeroPrice,AMO80,0,AMO80,0
HUF-2025-Q1S1,0,ZeroPrice,AMO80P,0,AMO80P,0
HUF-2025-Q1S1,0,ZeroPrice,AMO90,0,AMO90,0
HUF-2025-Q1S1,0,ZeroPrice,AMO90P,0,AMO90P,0
HUF-2025-Q1S1,0,ZeroPrice,ANK,0,ANK,0
HUF-2025-Q1S1,0,ZeroPrice,ANMM,0,ANMM,0
HUF-2025-Q1S1,0,ZeroPrice,ANTMT_FEHR,0,ANTMT_FEHR,0
HUF-2025-Q1S1,0,ZeroPrice,ANTMT_GRAFIT,0,ANTMT_GRAFIT,0
HUF-2025-Q1S1,0,ZeroPrice,ANTMT_SURK,0,ANTMT_SURK,0
HUF-2025-Q1S1,0,ZeroPrice,ANT_ANTH_MF,0,ANT_ANTH_MF,0
HUF-2025-Q1S1,0,ZeroPrice,ANT_BEI_MF,0,ANT,0
HUF-2025-Q1S1,0,ZeroPrice,ANT_CAP_MF,0,ANT_CAP_MF,0
HUF-2025-Q1S1,0,ZeroPrice,ANT_WHT_MF,0,ANT_WHT_MF,0
HUF-2025-Q1S1,0,ZeroPrice,AN_ANT,0,AN_ANT,0
HUF-2025-Q1S1,0,ZeroPrice,AN_BIA,0,AN,0
HUF-2025-Q1S1,0,ZeroPrice,AN_CAN,0,AN_CAN,0
HUF-2025-Q1S1,0,ZeroPrice,AN_ETNA,0,AN_ETNA,0
HUF-2025-Q1S1,0,ZeroPrice,AN_FEH,0,AN_FEH,0
HUF-2025-Q1S1,0,ZeroPrice,AN_IBZ,0,AN_IBZ,0
HUF-2025-Q1S1,0,ZeroPrice,AN_NERO,0,AN_NERO,0
HUF-2025-Q1S1,0,ZeroPrice,AN_PTE,0,AN_PTE,0
HUF-2025-Q1S1,0,ZeroPrice,AN_SON,0,AN_SON,0
HUF-2025-Q1S1,0,ZeroPrice,AN_SR,0,AN_SR,0
HUF-2025-Q1S1,0,ZeroPrice,AN_VS,0,AN_VS,0
HUF-2025-Q1S1,0,ZeroPrice,AR20,0,AR20,0
HUF-2025-Q1S1,0,ZeroPrice,AS105_B,0,AS105,0
HUF-2025-Q1S1,0,ZeroPrice,AS105_J,0,AS105,0
HUF-2025-Q1S1,0,ZeroPrice,AS110MAGIC_B,0,AS110MAGIC,0
HUF-2025-Q1S1,0,ZeroPrice,AS110MAGIC_J,0,AS110MAGIC,0
HUF-2025-Q1S1,0,ZeroPrice,AS110P_B,0,AS110P,0
HUF-2025-Q1S1,0,ZeroPrice,AS110P_J,0,AS110P,0
HUF-2025-Q1S1,0,ZeroPrice,AS110VT_B,0,AS110VT,0
HUF-2025-Q1S1,0,ZeroPrice,AS110VT_J,0,AS110VT,0
HUF-2025-Q1S1,0,ZeroPrice,AS110_B,0,AS110,0
HUF-2025-Q1S1,0,ZeroPrice,AS110_J,0,AS110,0
HUF-2025-Q1S1,0,ZeroPrice,AS95_B,0,AS95,0
HUF-2025-Q1S1,0,ZeroPrice,AS95_J,0,AS95,0
HUF-2025-Q1S1,0,ZeroPrice,ASL90_B,0,ASL90,0
HUF-2025-Q1S1,0,ZeroPrice,ASL90_J,0,ASL90,0
HUF-2025-Q1S1,0,ZeroPrice,ASM105_B,0,ASM105,0
HUF-2025-Q1S1,0,ZeroPrice,ASM105_J,0,ASM105,0
HUF-2025-Q1S1,0,ZeroPrice,ASM110_B,0,ASM110,0
HUF-2025-Q1S1,0,ZeroPrice,ASM110_J,0,ASM110,0
HUF-2025-Q1S1,0,ZeroPrice,ASM95_B,0,ASM95,0
HUF-2025-Q1S1,0,ZeroPrice,ASM95_J,0,ASM95,0
HUF-2025-Q1S1,0,ZeroPrice,ASZB45,0,ASZB45,0
HUF-2025-Q1S1,0,ZeroPrice,ASZB60,0,ASZB60,0
HUF-2025-Q1S1,0,ZeroPrice,ASZHS45,0,ASZHS45,0
HUF-2025-Q1S1,0,ZeroPrice,ASZHS60,0,ASZHS60,0
HUF-2025-Q1S1,0,ZeroPrice,ATF60,0,ATF60,0
HUF-2025-Q1S1,0,ZeroPrice,ATF60P,0,ATF60P,0
HUF-2025-Q1S1,0,ZeroPrice,BFL,0,BFL,0
HUF-2025-Q1S1,0,ZeroPrice,BFL40,0,BFL40,0
HUF-2025-Q1S1,0,ZeroPrice,BGMM,0,BGMM,0
HUF-2025-Q1S1,0,ZeroPrice,BIL,0,BIL,0
HUF-2025-Q1S1,0,ZeroPrice,BKV,0,BKV,0
HUF-2025-Q1S1,0,ZeroPrice,BLA40,0,BLA40,0
HUF-2025-Q1S1,0,ZeroPrice,CF40,0,CF40,0
HUF-2025-Q1S1,0,ZeroPrice,CPM,0,CPM,0
HUF-2025-Q1S1,0,ZeroPrice,CPMM,0,CPMM,0
HUF-2025-Q1S1,0,ZeroPrice,EF50,0,EF50,0
HUF-2025-Q1S1,0,ZeroPrice,EF60,0,EF60,0
HUF-2025-Q1S1,0,ZeroPrice,EF60_72_B,0,EF60_72,0
HUF-2025-Q1S1,0,ZeroPrice,EF60_72_J,0,EF60_72,0
HUF-2025-Q1S1,0,ZeroPrice,EF80_72,0,EF80_72,0
HUF-2025-Q1S1,0,ZeroPrice,EFT50,0,EFT50,0
HUF-2025-Q1S1,0,ZeroPrice,EFT50F,0,EFT50F,0
HUF-2025-Q1S1,0,ZeroPrice,EFT50_68_B,0,EFT50_68E,0
HUF-2025-Q1S1,0,ZeroPrice,EFT50_68_J,0,EFT50_68E,0
HUF-2025-Q1S1,0,ZeroPrice,EFT50_68_K,0,EFT50_68,0
HUF-2025-Q1S1,0,ZeroPrice,EFT60F,0,EFT60F,0
HUF-2025-Q1S1,0,ZeroPrice,EFT60_68_J,0,EFT60_68,0
HUF-2025-Q1S1,0,ZeroPrice,EFT60_68_K,0,EFT60_68,0
HUF-2025-Q1S1,0,ZeroPrice,EFT60_K,0,EFT60,0
HUF-2025-Q1S1,0,ZeroPrice,F100,0,F100,0
HUF-2025-Q1S1,0,ZeroPrice,F30_2A_B,0,F30_2A,0
HUF-2025-Q1S1,0,ZeroPrice,F30_2A_J,0,F30_2A,0
HUF-2025-Q1S1,0,ZeroPrice,F30_B,0,F30,0
HUF-2025-Q1S1,0,ZeroPrice,F30_J,0,F30,0
HUF-2025-Q1S1,0,ZeroPrice,F35_2A_B,0,F35_2A,0
HUF-2025-Q1S1,0,ZeroPrice,F35_2A_J,0,F35_2A,0
HUF-2025-Q1S1,0,ZeroPrice,F35_B,0,F35,0
HUF-2025-Q1S1,0,ZeroPrice,F35_J,0,F35,0
HUF-2025-Q1S1,0,ZeroPrice,F40_2A_B,0,F40_2A,0
HUF-2025-Q1S1,0,ZeroPrice,F40_2A_J,0,F40_2A,0
HUF-2025-Q1S1,0,ZeroPrice,F40_B,0,F40,0
HUF-2025-Q1S1,0,ZeroPrice,F40_J,0,F40,0
HUF-2025-Q1S1,0,ZeroPrice,F45_2A_B,0,F45_2A,0
HUF-2025-Q1S1,0,ZeroPrice,F45_2A_J,0,F45_2A,0
HUF-2025-Q1S1,0,ZeroPrice,F45_B,0,F45,0
HUF-2025-Q1S1,0,ZeroPrice,F45_J,0,F45,0
HUF-2025-Q1S1,0,ZeroPrice,F50_B,0,F50,0
HUF-2025-Q1S1,0,ZeroPrice,F50_J,0,F50,0
HUF-2025-Q1S1,0,ZeroPrice,F60E_B,0,F60E,0
HUF-2025-Q1S1,0,ZeroPrice,F60E_J,0,F60E,0
HUF-2025-Q1S1,0,ZeroPrice,F60_K,0,F60,0
HUF-2025-Q1S1,0,ZeroPrice,F70,0,F70,0
HUF-2025-Q1S1,0,ZeroPrice,F80,0,F80,0
HUF-2025-Q1S1,0,ZeroPrice,F90,0,F90,0
HUF-2025-Q1S1,0,ZeroPrice,FE40,0,FE40,0
HUF-2025-Q1S1,0,ZeroPrice,FEA,0,FEA,0
HUF-2025-Q1S1,0,ZeroPrice,FET,0,FET,0
HUF-2025-Q1S1,0,ZeroPrice,FET40,0,FET40,0
HUF-2025-Q1S1,0,ZeroPrice,FF90,0,FF90,0
HUF-2025-Q1S1,0,ZeroPrice,FFM60,0,FFM60,0
HUF-2025-Q1S1,0,ZeroPrice,FFMM,0,FFMM,0
HUF-2025-Q1S1,0,ZeroPrice,FFZ45,0,FFZ45,0
HUF-2025-Q1S1,0,ZeroPrice,FFZ50,0,FFZ50,0
HUF-2025-Q1S1,0,ZeroPrice,FFZ60,0,FFZ60,0
HUF-2025-Q1S1,0,ZeroPrice,FFZ70,0,FFZ70,0
HUF-2025-Q1S1,0,ZeroPrice,FFZ80,0,FFZ80,0
HUF-2025-Q1S1,0,ZeroPrice,FFZ90,0,FFZ90,0
HUF-2025-Q1S1,0,ZeroPrice,FKF30,0,FKF30,0
HUF-2025-Q1S1,0,ZeroPrice,FKF35,0,FKF35,0
HUF-2025-Q1S1,0,ZeroPrice,FKF40,0,FKF40,0
HUF-2025-Q1S1,0,ZeroPrice,FKF45,0,FKF45,0
HUF-2025-Q1S1,0,ZeroPrice,FKF50,0,FKF50,0
HUF-2025-Q1S1,0,ZeroPrice,FKF60,0,FKF60,0
HUF-2025-Q1S1,0,ZeroPrice,FKF70,0,FKF70,0
HUF-2025-Q1S1,0,ZeroPrice,FKF80,0,FKF80,0
HUF-2025-Q1S1,0,ZeroPrice,FKF90,0,FKF90,0
HUF-2025-Q1S1,0,ZeroPrice,FKV,0,FKV,0
HUF-2025-Q1S1,0,ZeroPrice,FMF30,0,FMF30,0
HUF-2025-Q1S1,0,ZeroPrice,FMF35,0,FMF35,0
HUF-2025-Q1S1,0,ZeroPrice,FMF40,0,FMF40,0
HUF-2025-Q1S1,0,ZeroPrice,FMF45,0,FMF45,0
HUF-2025-Q1S1,0,ZeroPrice,FMF50,0,FMF50,0
HUF-2025-Q1S1,0,ZeroPrice,FMF60,0,FMF60,0
HUF-2025-Q1S1,0,ZeroPrice,FMF70,0,FMF70,0
HUF-2025-Q1S1,0,ZeroPrice,FMF80,0,FMF80,0
HUF-2025-Q1S1,0,ZeroPrice,FMF90,0,FMF90,0
HUF-2025-Q1S1,0,ZeroPrice,FMFSL60_B,0,FMFSL60,0
HUF-2025-Q1S1,0,ZeroPrice,FMFSL60_J,0,FMFSL60,0
HUF-2025-Q1S1,0,ZeroPrice,FMFSZ_B,0,FMFSZ,0
HUF-2025-Q1S1,0,ZeroPrice,FMFSZ_J,0,FMFSZ,0
HUF-2025-Q1S1,0,ZeroPrice,FSL60_B,0,FSL60,0
HUF-2025-Q1S1,0,ZeroPrice,FSL60_J,0,FSL60,0
HUF-2025-Q1S1,0,ZeroPrice,FSU_B,0,FSU,0
HUF-2025-Q1S1,0,ZeroPrice,FSU_J,0,FSU,0
HUF-2025-Q1S1,0,ZeroPrice,FSZ_2A_B,0,FSZ_2A,0
HUF-2025-Q1S1,0,ZeroPrice,FSZ_2A_J,0,FSZ_2A,0
HUF-2025-Q1S1,0,ZeroPrice,FSZ_B,0,FSZ,0
HUF-2025-Q1S1,0,ZeroPrice,FSZ_J,0,FSZ,0
HUF-2025-Q1S1,0,ZeroPrice,FU40_B,0,FU40,0
HUF-2025-Q1S1,0,ZeroPrice,FU40_J,0,FU40,0
HUF-2025-Q1S1,0,ZeroPrice,FU45_B,0,FU45,0
HUF-2025-Q1S1,0,ZeroPrice,FU45_J,0,FU45,0
HUF-2025-Q1S1,0,ZeroPrice,FU80,0,FU80,0
HUF-2025-Q1S1,0,ZeroPrice,FU90,0,FU90,0
HUF-2025-Q1S1,0,ZeroPrice,FUZ45_B,0,FUZ45,0
HUF-2025-Q1S1,0,ZeroPrice,FUZ45_J,0,FUZ45,0
HUF-2025-Q1S1,0,ZeroPrice,FZL,0,FZL,0
HUF-2025-Q1S1,0,ZeroPrice,GFA,0,GFA,0
HUF-2025-Q1S1,0,ZeroPrice,IBL,0,IBL,0
HUF-2025-Q1S1,0,ZeroPrice,IBP1000,0,IBP1000,0
HUF-2025-Q1S1,0,ZeroPrice,IBP1050,0,IBP1050,0
HUF-2025-Q1S1,0,ZeroPrice,IBP1100,0,IBP1100,0
HUF-2025-Q1S1,0,ZeroPrice,IBP150,0,IBP150,0
HUF-2025-Q1S1,0,ZeroPrice,IBP18,0,IBP18,0
HUF-2025-Q1S1,0,ZeroPrice,IBP200,0,IBP200,0
HUF-2025-Q1S1,0,ZeroPrice,IBP300,0,IBP300,0
HUF-2025-Q1S1,0,ZeroPrice,IBP350,0,IBP350,0
HUF-2025-Q1S1,0,ZeroPrice,IBP400,0,IBP400,0
HUF-2025-Q1S1,0,ZeroPrice,IBP450,0,IBP450,0
HUF-2025-Q1S1,0,ZeroPrice,IBP500,0,IBP500,0
HUF-2025-Q1S1,0,ZeroPrice,IBP600,0,IBP600,0
HUF-2025-Q1S1,0,ZeroPrice,IBP700,0,IBP700,0
HUF-2025-Q1S1,0,ZeroPrice,IBP800,0,IBP800,0
HUF-2025-Q1S1,0,ZeroPrice,IBP900,0,IBP900,0
HUF-2025-Q1S1,0,ZeroPrice,K40R,0,K40R,0
HUF-2025-Q1S1,0,ZeroPrice,K40_B,0,K40,0
HUF-2025-Q1S1,0,ZeroPrice,K40_J,0,K40,0
HUF-2025-Q1S1,0,ZeroPrice,K60F_B,0,K60F,0
HUF-2025-Q1S1,0,ZeroPrice,K60F_J,0,K60F,0
HUF-2025-Q1S1,0,ZeroPrice,K60R_B,0,K60R,0
HUF-2025-Q1S1,0,ZeroPrice,K60R_J,0,K60R,0
HUF-2025-Q1S1,0,ZeroPrice,K60_B,0,K60,0
HUF-2025-Q1S1,0,ZeroPrice,K60_J,0,K60,0
HUF-2025-Q1S1,0,ZeroPrice,KANF,0,KANF,0
HUF-2025-Q1S1,0,ZeroPrice,KANFF,0,KANFF,0
HUF-2025-Q1S1,0,ZeroPrice,KDF,0,KDF,0
HUF-2025-Q1S1,0,ZeroPrice,KDK,0,KDK,0
HUF-2025-Q1S1,0,ZeroPrice,KF60F,0,KF60F,0
HUF-2025-Q1S1,0,ZeroPrice,KF60_B,0,KF60,0
HUF-2025-Q1S1,0,ZeroPrice,KF60_J,0,KF60,0
HUF-2025-Q1S1,0,ZeroPrice,KMTB601F_B,0,KMTB601F,0
HUF-2025-Q1S1,0,ZeroPrice,KMTB601F_J,0,KMTB601F,0
HUF-2025-Q1S1,0,ZeroPrice,KMTB602F,0,KMTB602F,0
HUF-2025-Q1S1,0,ZeroPrice,KMTB60F,0,KMTB60F,0
HUF-2025-Q1S1,0,ZeroPrice,KMTB60K_B,0,KMTB60K,0
HUF-2025-Q1S1,0,ZeroPrice,KMTB60K_J,0,KMTB60K,0
HUF-2025-Q1S1,0,ZeroPrice,KMTB60_B,0,KMTB60,0
HUF-2025-Q1S1,0,ZeroPrice,KMTB60_J,0,KMTB60,0
HUF-2025-Q1S1,0,ZeroPrice,KMTH60W_B,0,KMTH60W,0
HUF-2025-Q1S1,0,ZeroPrice,KMTH60W_J,0,KMTH60W,0
HUF-2025-Q1S1,0,ZeroPrice,KMTH60_B,0,KMTH60,0
HUF-2025-Q1S1,0,ZeroPrice,KMTH60_J,0,KMTH60,0
HUF-2025-Q1S1,0,ZeroPrice,KMTH75W_B,0,KMTH75W,0
HUF-2025-Q1S1,0,ZeroPrice,KMTH75W_J,0,KMTH75W,0
HUF-2025-Q1S1,0,ZeroPrice,KPK,0,KPK,0
HUF-2025-Q1S1,0,ZeroPrice,KSZA,0,KSZA,0
HUF-2025-Q1S1,0,ZeroPrice,KSZAF,0,KSZAF,0
HUF-2025-Q1S1,0,ZeroPrice,KTB60_B,0,KTB60,0
HUF-2025-Q1S1,0,ZeroPrice,KTB60_J,0,KTB60,0
HUF-2025-Q1S1,0,ZeroPrice,KTL,0,KTL,0
HUF-2025-Q1S1,0,ZeroPrice,K_SO,0,K_SO,0
HUF-2025-Q1S1,0,ZeroPrice,LAURA_CAP,0,LAURA_CAP,0
HUF-2025-Q1S1,0,ZeroPrice,LAURA_GEI,0,LAURA_GEI,0
HUF-2025-Q1S1,0,ZeroPrice,LAURA_GRAP,0,LAURA_GRAP,0
HUF-2025-Q1S1,0,ZeroPrice,LAURA_GRAY,0,LAURA_GRAY,0
HUF-2025-Q1S1,0,ZeroPrice,LAURA_PRO,0,LAURA_PRO,0
HUF-2025-Q1S1,0,ZeroPrice,LAURA_WHT,0,LAURA_WHT,0
HUF-2025-Q1S1,0,ZeroPrice,LAZ,0,LAZ,0
HUF-2025-Q1S1,0,ZeroPrice,LE,0,LE,0
HUF-2025-Q1S1,0,ZeroPrice,LMO59_45,0,LMO59_45,0
HUF-2025-Q1S1,0,ZeroPrice,LMO59_60,0,LMO59_60,0
HUF-2025-Q1S1,0,ZeroPrice,LMO72_45,0,LMO72_45,0
HUF-2025-Q1S1,0,ZeroPrice,LMO72_60,0,LMO72_60,0
HUF-2025-Q1S1,0,ZeroPrice,LOTA_OTA,0,LOTA_OTA,0
HUF-2025-Q1S1,0,ZeroPrice,LOTA_OTAA,0,LOTA_OTAA,0
HUF-2025-Q1S1,0,ZeroPrice,LOTA_OTAF,0,LOTA_OTAF,0
HUF-2025-Q1S1,0,ZeroPrice,LOTA_OTAFA,0,LOTA_OTAFA,0
HUF-2025-Q1S1,0,ZeroPrice,LOTA_OTASA,0,LOTA_OTASA,0
HUF-2025-Q1S1,0,ZeroPrice,LOTA_OTASB,0,LOTA_OTASB,0
HUF-2025-Q1S1,0,ZeroPrice,LOTF_OTD,0,LOTF_OTD,0
HUF-2025-Q1S1,0,ZeroPrice,LOTF_OTDE,0,LOTF_OTDE,0
HUF-2025-Q1S1,0,ZeroPrice,LOTF_OTDE_F,0,LOTF_OTDE_F,0
HUF-2025-Q1S1,0,ZeroPrice,LOTF_OTDF,0,LOTF_OTDF,0
HUF-2025-Q1S1,0,ZeroPrice,LOTF_OTDT,0,LOTF_OTDT,0
HUF-2025-Q1S1,0,ZeroPrice,LOTF_OTD_E,0,LOTF_OTD_E,0
HUF-2025-Q1S1,0,ZeroPrice,LOTF_OTFK,0,LOTF_OTFK,0
HUF-2025-Q1S1,0,ZeroPrice,LTA,0,LTA,0
HUF-2025-Q1S1,0,ZeroPrice,LTA1450,0,LTA1450,0
HUF-2025-Q1S1,0,ZeroPrice,LTA2135,0,LTA2135,0
HUF-2025-Q1S1,0,ZeroPrice,LTF360,0,LTF360,0
HUF-2025-Q1S1,0,ZeroPrice,LTF595,0,LTF595,0
HUF-2025-Q1S1,0,ZeroPrice,LTF720,0,LTF720,0
HUF-2025-Q1S1,0,ZeroPrice,LTFK,0,LTFK,0
HUF-2025-Q1S1,0,ZeroPrice,MA40,0,MA40,0
HUF-2025-Q1S1,0,ZeroPrice,ME40,0,ME40,0
HUF-2025-Q1S1,0,ZeroPrice,N,0,N,0
HUF-2025-Q1S1,0,ZeroPrice,NEL,0,NEL,0
HUF-2025-Q1S1,0,ZeroPrice,PTL,0,PTL,0
HUF-2025-Q1S1,0,ZeroPrice,PUO,0,PUO,0
HUF-2025-Q1S1,0,ZeroPrice,RST,0,RST,0
HUF-2025-Q1S1,0,ZeroPrice,RST40,0,RST40,0
HUF-2025-Q1S1,0,ZeroPrice,SH,0,SH,0
HUF-2025-Q1S1,0,ZeroPrice,SH40,0,SH40,0
HUF-2025-Q1S1,0,ZeroPrice,SIA,0,SIA,0
HUF-2025-Q1S1,0,ZeroPrice,SIF,0,SIF,0
HUF-2025-Q1S1,0,ZeroPrice,SIK,0,SIK,0
HUF-2025-Q1S1,0,ZeroPrice,SLFK,0,SLFK,0
HUF-2025-Q1S1,0,ZeroPrice,SLFN,0,SLFN,0
HUF-2025-Q1S1,0,ZeroPrice,SLKK,0,SLKK,0
HUF-2025-Q1S1,0,ZeroPrice,SLKN,0,SLKN,0
HUF-2025-Q1S1,0,ZeroPrice,SLRK,0,SLRK,0
HUF-2025-Q1S1,0,ZeroPrice,SLRN,0,SLRN,0
HUF-2025-Q1S1,0,ZeroPrice,SOL,0,SOL,0
HUF-2025-Q1S1,0,ZeroPrice,SOL40,0,SOL40,0
HUF-2025-Q1S1,0,ZeroPrice,ST,0,ST,0
HUF-2025-Q1S1,0,ZeroPrice,ST40,0,ST40,0
HUF-2025-Q1S1,0,ZeroPrice,STA,0,STA,0
HUF-2025-Q1S1,0,ZeroPrice,STK,0,STK,0
HUF-2025-Q1S1,0,ZeroPrice,STM,0,STM,0
HUF-2025-Q1S1,0,ZeroPrice,SZA,0,SZA,0
HUF-2025-Q1S1,0,ZeroPrice,SZU,0,SZU,0
HUF-2025-Q1S1,0,ZeroPrice,SZU40,0,SZU40,0
HUF-2025-Q1S1,0,ZeroPrice,TGBBH_KIV865SF0,0,TGBBH,0
HUF-2025-Q1S1,0,ZeroPrice,TGBBM_SMV25EX00E,0,TGBBM_SMV25EX00E,0
HUF-2025-Q1S1,0,ZeroPrice,TGEIG,0,TGEIG,0
HUF-2025-Q1S1,0,ZeroPrice,TGWBH_ART96101,0,TGWBH_ART96101,0
HUF-2025-Q1S1,0,ZeroPrice,VE40,0,VE40,0
HUF-2025-Q1S1,0,ZeroPrice,VH,0,VH,0
HUF-2025-Q1S1,0,ZeroPrice,VH40,0,VH40,0
HUF-2025-Q1S1,0,ZeroPrice,VSZ,0,VSZ,0
HUF-2025-Q1S1,0,ZeroPrice,ZILLE_BEI,0,ZILLE,0
HUF-2025-Q1S1,0,ZeroPrice,ZILLE_RUS_WH,0,ZILLE_RUS_WH,0
HUF-2025-Q1S1,0,ZeroPrice,ZILLE_SON_OAK,0,ZILLE_SON_OAK,0
HUF-2025-Q1S1,0,ZeroPrice,ZILLE_WOT_OAK,0,ZILLE_WOT_OAK,0
HUF-2025-Q1S1,0,ZeroPrice,k_ETN,0,k_ETN,0
HUF-2025-Q1S1,0,ZeroPrice,k_WHT,0,k_WHT,0
