PriceList.Code,BaseValue,PriceRule.Code,Item.RefCode,Item.Attribute.0.Value,ItemPrice
HUF-2025-Q12603,41990,PR00010,AVZ30,0,44990
HUF-2025-Q12603,41990,PR00010,AVZ30,0,44990
HUF-2025-Q12603,35990,PR00010,FMFVZ30,0,37990
HUF-2025-Q12603,35990,PR00010,FMFVZ30,0,37990
HUF-2025-Q12603,1390,PR00010,FLB,0,0
HUF-2025-Q12603,250,PR00010,M1,0,0
HUF-2025-Q12603,41190,PR00010,PIFK,0,0
HUF-2025-Q12603,47000,PR00010,TKFL45,0,0
HUF-2025-Q12603,59800,PR00010,TKFL60,0,0
HUF-2025-Q12603,46900,PR00010,TVKL300,0,0
HUF-2025-Q12603,91800,PR00010,TVS_MOB,0,0
HUF-2025-Q12603,97400,PR00010,TVS_M,0,0
HUF-2025-Q12603,34500,PR00010,TKKE,0,0
HUF-2025-Q12603,149900,PR00010,TGEA45,0,0
HUF-2025-Q12603,223400,PR00010,TVKK40H,0,0
HUF-2025-Q12603,383200,PR00010,TVKK60N,0,0
HUF-2025-Q12603,0,PR00010_CF00001,MPF,0,0
HUF-2025-Q12603,149900,PR00010,TGEA60,0,0
HUF-2025-Q12603,87990,PR00010,FU80F,0,99990
HUF-2025-Q12603,94490,PR00010,FZN80,0,0
HUF-2025-Q12603,91800,PR00010,TVS_MOJ,0,0
HUF-2025-Q12603,50900,PR00010,TVKL400,0,0
HUF-2025-Q12603,0,PR00010_CF00002,CT,0,0
HUF-2025-Q12603,0,PR00010_CF00002,MKP,0,0
HUF-2025-Q12603,42200,PR00010,TKKSE45,0,0
HUF-2025-Q12603,42200,PR00010,TKKSE60,0,0
HUF-2025-Q12603,320,PR00010,M15,0,0
HUF-2025-Q12603,51990,PR00011,AAFE40,1,56990
HUF-2025-Q12603,66990,PR00011,AAFE40,2,75990
HUF-2025-Q12603,66990,PR00011,AAFE40,3,75990
HUF-2025-Q12603,66990,PR00011,AAFE40,4,75990
HUF-2025-Q12603,66990,PR00011,AAFE40,5,75990
HUF-2025-Q12603,71990,PR00011,AAFE40,7,77990
HUF-2025-Q12603,51990,PR00011,AAFE40,1,56990
HUF-2025-Q12603,66990,PR00011,AAFE40,2,75990
HUF-2025-Q12603,66990,PR00011,AAFE40,3,75990
HUF-2025-Q12603,66990,PR00011,AAFE40,4,75990
HUF-2025-Q12603,66990,PR00011,AAFE40,5,75990
HUF-2025-Q12603,71990,PR00011,AAFE40,7,77990
HUF-2025-Q12603,53990,PR00011,AAFE45,1,57990
HUF-2025-Q12603,68990,PR00011,AAFE45,2,77990
HUF-2025-Q12603,68990,PR00011,AAFE45,3,77990
HUF-2025-Q12603,68990,PR00011,AAFE45,4,77990
HUF-2025-Q12603,68990,PR00011,AAFE45,5,77990
HUF-2025-Q12603,73990,PR00011,AAFE45,7,79990
HUF-2025-Q12603,53990,PR00011,AAFE45,1,57990
HUF-2025-Q12603,68990,PR00011,AAFE45,2,77990
HUF-2025-Q12603,68990,PR00011,AAFE45,3,77990
HUF-2025-Q12603,68990,PR00011,AAFE45,4,77990
HUF-2025-Q12603,68990,PR00011,AAFE45,5,77990
HUF-2025-Q12603,73990,PR00011,AAFE45,7,79990
HUF-2025-Q12603,56990,PR00011,AAFE50,1,58990
HUF-2025-Q12603,70990,PR00011,AAFE50,2,79990
HUF-2025-Q12603,70990,PR00011,AAFE50,3,79990
HUF-2025-Q12603,70990,PR00011,AAFE50,4,79990
HUF-2025-Q12603,70990,PR00011,AAFE50,5,79990
HUF-2025-Q12603,76990,PR00011,AAFE50,7,82990
HUF-2025-Q12603,56990,PR00011,AAFE50,1,58990
HUF-2025-Q12603,70990,PR00011,AAFE50,2,79990
HUF-2025-Q12603,70990,PR00011,AAFE50,3,79990
HUF-2025-Q12603,70990,PR00011,AAFE50,4,79990
HUF-2025-Q12603,70990,PR00011,AAFE50,5,79990
HUF-2025-Q12603,76990,PR00011,AAFE50,7,82990
HUF-2025-Q12603,57990,PR00011,AAFE60,1,62990
HUF-2025-Q12603,85990,PR00011,AAFE60,2,88990
HUF-2025-Q12603,85990,PR00011,AAFE60,3,88990
HUF-2025-Q12603,85990,PR00011,AAFE60,4,88990
HUF-2025-Q12603,85990,PR00011,AAFE60,5,88990
HUF-2025-Q12603,91990,PR00011,AAFE60,7,94990
HUF-2025-Q12603,57990,PR00011,AAFE60,1,62990
HUF-2025-Q12603,85990,PR00011,AAFE60,2,88990
HUF-2025-Q12603,85990,PR00011,AAFE60,3,88990
HUF-2025-Q12603,85990,PR00011,AAFE60,4,88990
HUF-2025-Q12603,85990,PR00011,AAFE60,5,88990
HUF-2025-Q12603,91990,PR00011,AAFE60,7,94990
HUF-2025-Q12603,57990,PR00011,AAFE60,1,62990
HUF-2025-Q12603,85990,PR00011,AAFE60,2,88990
HUF-2025-Q12603,85990,PR00011,AAFE60,3,88990
HUF-2025-Q12603,85990,PR00011,AAFE60,4,88990
HUF-2025-Q12603,85990,PR00011,AAFE60,5,88990
HUF-2025-Q12603,91990,PR00011,AAFE60,7,94990
HUF-2025-Q12603,73990,PR00011,AAFE80,1,66990
HUF-2025-Q12603,101990,PR00011,AAFE80,2,97990
HUF-2025-Q12603,101990,PR00011,AAFE80,3,97990
HUF-2025-Q12603,101990,PR00011,AAFE80,4,97990
HUF-2025-Q12603,101990,PR00011,AAFE80,5,97990
HUF-2025-Q12603,107990,PR00011,AAFE80,7,106990
HUF-2025-Q12603,82990,PR00011,AAFE90,1,68990
HUF-2025-Q12603,106990,PR00011,AAFE90,2,101990
HUF-2025-Q12603,106990,PR00011,AAFE90,3,101990
HUF-2025-Q12603,106990,PR00011,AAFE90,4,101990
HUF-2025-Q12603,106990,PR00011,AAFE90,5,101990
HUF-2025-Q12603,112990,PR00011,AAFE90,7,111990
HUF-2025-Q12603,43990,PR00011,AML30,1,47990
HUF-2025-Q12603,53990,PR00011,AML30,2,58990
HUF-2025-Q12603,53990,PR00011,AML30,3,58990
HUF-2025-Q12603,53990,PR00011,AML30,4,58990
HUF-2025-Q12603,53990,PR00011,AML30,5,58990
HUF-2025-Q12603,54990,PR00011,AML30,7,57990
HUF-2025-Q12603,43990,PR00011,AML30,1,47990
HUF-2025-Q12603,53990,PR00011,AML30,2,58990
HUF-2025-Q12603,53990,PR00011,AML30,3,58990
HUF-2025-Q12603,53990,PR00011,AML30,4,58990
HUF-2025-Q12603,53990,PR00011,AML30,5,58990
HUF-2025-Q12603,54990,PR00011,AML30,7,57990
HUF-2025-Q12603,43990,PR00011,AKL30,1,46990
HUF-2025-Q12603,52990,PR00011,AKL30,2,56990
HUF-2025-Q12603,52990,PR00011,AKL30,3,56990
HUF-2025-Q12603,52990,PR00011,AKL30,4,56990
HUF-2025-Q12603,52990,PR00011,AKL30,5,56990
HUF-2025-Q12603,54990,PR00011,AKL30,7,56990
HUF-2025-Q12603,44990,PR00011,AML35,1,48990
HUF-2025-Q12603,55990,PR00011,AML35,2,60990
HUF-2025-Q12603,55990,PR00011,AML35,3,60990
HUF-2025-Q12603,55990,PR00011,AML35,4,60990
HUF-2025-Q12603,55990,PR00011,AML35,5,60990
HUF-2025-Q12603,56990,PR00011,AML35,7,59990
HUF-2025-Q12603,44990,PR00011,AML35,1,48990
HUF-2025-Q12603,55990,PR00011,AML35,2,60990
HUF-2025-Q12603,55990,PR00011,AML35,3,60990
HUF-2025-Q12603,55990,PR00011,AML35,4,60990
HUF-2025-Q12603,55990,PR00011,AML35,5,60990
HUF-2025-Q12603,56990,PR00011,AML35,7,59990
HUF-2025-Q12603,45990,PR00011,AML40,1,49990
HUF-2025-Q12603,57990,PR00011,AML40,2,62990
HUF-2025-Q12603,57990,PR00011,AML40,3,62990
HUF-2025-Q12603,57990,PR00011,AML40,4,62990
HUF-2025-Q12603,57990,PR00011,AML40,5,62990
HUF-2025-Q12603,58990,PR00011,AML40,7,61990
HUF-2025-Q12603,45990,PR00011,AML40,1,49990
HUF-2025-Q12603,57990,PR00011,AML40,2,62990
HUF-2025-Q12603,57990,PR00011,AML40,3,62990
HUF-2025-Q12603,57990,PR00011,AML40,4,62990
HUF-2025-Q12603,57990,PR00011,AML40,5,62990
HUF-2025-Q12603,58990,PR00011,AML40,7,61990
HUF-2025-Q12603,44990,PR00011,AKL40,1,48990
HUF-2025-Q12603,54990,PR00011,AKL40,2,61990
HUF-2025-Q12603,54990,PR00011,AKL40,3,61990
HUF-2025-Q12603,54990,PR00011,AKL40,4,61990
HUF-2025-Q12603,54990,PR00011,AKL40,5,61990
HUF-2025-Q12603,55990,PR00011,AKL40,7,59990
HUF-2025-Q12603,44990,PR00011,AET40,1,48990
HUF-2025-Q12603,54990,PR00011,AET40,2,61990
HUF-2025-Q12603,54990,PR00011,AET40,3,61990
HUF-2025-Q12603,54990,PR00011,AET40,4,61990
HUF-2025-Q12603,54990,PR00011,AET40,5,61990
HUF-2025-Q12603,55990,PR00011,AET40,7,59990
HUF-2025-Q12603,44990,PR00011,AET40,1,48990
HUF-2025-Q12603,54990,PR00011,AET40,2,61990
HUF-2025-Q12603,54990,PR00011,AET40,3,61990
HUF-2025-Q12603,54990,PR00011,AET40,4,61990
HUF-2025-Q12603,54990,PR00011,AET40,5,61990
HUF-2025-Q12603,55990,PR00011,AET40,7,59990
HUF-2025-Q12603,45990,PR00011,AML45,1,49990
HUF-2025-Q12603,59990,PR00011,AML45,2,64990
HUF-2025-Q12603,59990,PR00011,AML45,3,64990
HUF-2025-Q12603,59990,PR00011,AML45,4,64990
HUF-2025-Q12603,59990,PR00011,AML45,5,64990
HUF-2025-Q12603,61990,PR00011,AML45,7,63990
HUF-2025-Q12603,45990,PR00011,AML45,1,49990
HUF-2025-Q12603,59990,PR00011,AML45,2,64990
HUF-2025-Q12603,59990,PR00011,AML45,3,64990
HUF-2025-Q12603,59990,PR00011,AML45,4,64990
HUF-2025-Q12603,59990,PR00011,AML45,5,64990
HUF-2025-Q12603,61990,PR00011,AML45,7,63990
HUF-2025-Q12603,46990,PR00011,AML50,1,50990
HUF-2025-Q12603,61990,PR00011,AML50,2,68990
HUF-2025-Q12603,61990,PR00011,AML50,3,68990
HUF-2025-Q12603,61990,PR00011,AML50,4,68990
HUF-2025-Q12603,61990,PR00011,AML50,5,68990
HUF-2025-Q12603,62990,PR00011,AML50,7,66990
HUF-2025-Q12603,46990,PR00011,AML50,1,50990
HUF-2025-Q12603,61990,PR00011,AML50,2,68990
HUF-2025-Q12603,61990,PR00011,AML50,3,68990
HUF-2025-Q12603,61990,PR00011,AML50,4,68990
HUF-2025-Q12603,61990,PR00011,AML50,5,68990
HUF-2025-Q12603,62990,PR00011,AML50,7,66990
HUF-2025-Q12603,47990,PR00011,AML60E,1,52990
HUF-2025-Q12603,66990,PR00011,AML60E,2,72990
HUF-2025-Q12603,66990,PR00011,AML60E,3,72990
HUF-2025-Q12603,66990,PR00011,AML60E,4,72990
HUF-2025-Q12603,66990,PR00011,AML60E,5,72990
HUF-2025-Q12603,68990,PR00011,AML60E,7,71990
HUF-2025-Q12603,47990,PR00011,AML60E,1,52990
HUF-2025-Q12603,66990,PR00011,AML60E,2,72990
HUF-2025-Q12603,66990,PR00011,AML60E,3,72990
HUF-2025-Q12603,66990,PR00011,AML60E,4,72990
HUF-2025-Q12603,66990,PR00011,AML60E,5,72990
HUF-2025-Q12603,68990,PR00011,AML60E,7,71990
HUF-2025-Q12603,47990,PR00011,AML60,1,54990
HUF-2025-Q12603,66990,PR00011,AML60,2,74990
HUF-2025-Q12603,66990,PR00011,AML60,3,74990
HUF-2025-Q12603,66990,PR00011,AML60,4,74990
HUF-2025-Q12603,66990,PR00011,AML60,5,74990
HUF-2025-Q12603,69990,PR00011,AML60,7,73990
HUF-2025-Q12603,51990,PR00011,AML70,1,56990
HUF-2025-Q12603,73990,PR00011,AML70,2,78990
HUF-2025-Q12603,73990,PR00011,AML70,3,78990
HUF-2025-Q12603,73990,PR00011,AML70,4,78990
HUF-2025-Q12603,73990,PR00011,AML70,5,78990
HUF-2025-Q12603,76990,PR00011,AML70,7,78990
HUF-2025-Q12603,53990,PR00011,AML80,1,57990
HUF-2025-Q12603,75990,PR00011,AML80,2,83990
HUF-2025-Q12603,75990,PR00011,AML80,3,83990
HUF-2025-Q12603,75990,PR00011,AML80,4,83990
HUF-2025-Q12603,75990,PR00011,AML80,5,83990
HUF-2025-Q12603,78990,PR00011,AML80,7,82990
HUF-2025-Q12603,55990,PR00011,AML90,1,59990
HUF-2025-Q12603,81990,PR00011,AML90,2,87990
HUF-2025-Q12603,81990,PR00011,AML90,3,87990
HUF-2025-Q12603,81990,PR00011,AML90,4,87990
HUF-2025-Q12603,81990,PR00011,AML90,5,87990
HUF-2025-Q12603,83990,PR00011,AML90,7,86990
HUF-2025-Q12603,57990,PR00011,AML100,1,60990
HUF-2025-Q12603,85990,PR00011,AML100,2,95990
HUF-2025-Q12603,85990,PR00011,AML100,3,95990
HUF-2025-Q12603,85990,PR00011,AML100,4,95990
HUF-2025-Q12603,85990,PR00011,AML100,5,95990
HUF-2025-Q12603,87990,PR00011,AML100,7,93990
HUF-2025-Q12603,61990,PR00011,AR20,1,61990
HUF-2025-Q12603,73990,PR00011,AR20,2,68990
HUF-2025-Q12603,73990,PR00011,AR20,3,68990
HUF-2025-Q12603,73990,PR00011,AR20,4,68990
HUF-2025-Q12603,73990,PR00011,AR20,5,68990
HUF-2025-Q12603,74990,PR00011,AR20,7,72990
HUF-2025-Q12603,62990,PR00011,ASZB45,1,61990
HUF-2025-Q12603,73990,PR00011,ASZB45,2,75990
HUF-2025-Q12603,73990,PR00011,ASZB45,3,75990
HUF-2025-Q12603,73990,PR00011,ASZB45,4,75990
HUF-2025-Q12603,73990,PR00011,ASZB45,5,75990
HUF-2025-Q12603,64990,PR00011,ASZB60,1,64990
HUF-2025-Q12603,85990,PR00011,ASZB60,2,83990
HUF-2025-Q12603,85990,PR00011,ASZB60,3,83990
HUF-2025-Q12603,85990,PR00011,ASZB60,4,83990
HUF-2025-Q12603,85990,PR00011,ASZB60,5,83990
HUF-2025-Q12603,46990,PR00011,AMO60E,1,48990
HUF-2025-Q12603,62990,PR00011,AMO60E,2,68990
HUF-2025-Q12603,62990,PR00011,AMO60E,3,68990
HUF-2025-Q12603,62990,PR00011,AMO60E,4,68990
HUF-2025-Q12603,62990,PR00011,AMO60E,5,68990
HUF-2025-Q12603,63990,PR00011,AMO60E,7,67990
HUF-2025-Q12603,46990,PR00011,AMO60E,1,48990
HUF-2025-Q12603,62990,PR00011,AMO60E,2,68990
HUF-2025-Q12603,62990,PR00011,AMO60E,3,68990
HUF-2025-Q12603,62990,PR00011,AMO60E,4,68990
HUF-2025-Q12603,62990,PR00011,AMO60E,5,68990
HUF-2025-Q12603,63990,PR00011,AMO60E,7,67990
HUF-2025-Q12603,46990,PR00011,AMO60,1,50990
HUF-2025-Q12603,62990,PR00011,AMO60,2,71990
HUF-2025-Q12603,62990,PR00011,AMO60,3,71990
HUF-2025-Q12603,62990,PR00011,AMO60,4,71990
HUF-2025-Q12603,62990,PR00011,AMO60,5,71990
HUF-2025-Q12603,64990,PR00011,AMO60,7,69990
HUF-2025-Q12603,47990,PR00011,AMO70,1,52990
HUF-2025-Q12603,69990,PR00011,AMO70,2,74990
HUF-2025-Q12603,69990,PR00011,AMO70,3,74990
HUF-2025-Q12603,69990,PR00011,AMO70,4,74990
HUF-2025-Q12603,69990,PR00011,AMO70,5,74990
HUF-2025-Q12603,71990,PR00011,AMO70,7,74990
HUF-2025-Q12603,48990,PR00011,AMO80,1,53990
HUF-2025-Q12603,71990,PR00011,AMO80,2,79990
HUF-2025-Q12603,71990,PR00011,AMO80,3,79990
HUF-2025-Q12603,71990,PR00011,AMO80,4,79990
HUF-2025-Q12603,71990,PR00011,AMO80,5,79990
HUF-2025-Q12603,73990,PR00011,AMO80,7,77990
HUF-2025-Q12603,49990,PR00011,AMO90,1,54990
HUF-2025-Q12603,76990,PR00011,AMO90,2,82990
HUF-2025-Q12603,76990,PR00011,AMO90,3,82990
HUF-2025-Q12603,76990,PR00011,AMO90,4,82990
HUF-2025-Q12603,76990,PR00011,AMO90,5,82990
HUF-2025-Q12603,78990,PR00011,AMO90,7,82990
HUF-2025-Q12603,51990,PR00011,AMO100,1,55990
HUF-2025-Q12603,83990,PR00011,AMO100,2,90990
HUF-2025-Q12603,83990,PR00011,AMO100,3,90990
HUF-2025-Q12603,83990,PR00011,AMO100,4,90990
HUF-2025-Q12603,83990,PR00011,AMO100,5,90990
HUF-2025-Q12603,85990,PR00011,AMO100,7,89990
HUF-2025-Q12603,5990,PR00011,LMO72_45,1,0
HUF-2025-Q12603,17990,PR00011,LMO72_45,2,0
HUF-2025-Q12603,17990,PR00011,LMO72_45,3,0
HUF-2025-Q12603,17990,PR00011,LMO72_45,4,0
HUF-2025-Q12603,17990,PR00011,LMO72_45,5,0
HUF-2025-Q12603,17990,PR00011,LMO72_45,7,0
HUF-2025-Q12603,4990,PR00011,LMO59_45,1,0
HUF-2025-Q12603,13990,PR00011,LMO59_45,2,0
HUF-2025-Q12603,13990,PR00011,LMO59_45,3,0
HUF-2025-Q12603,13990,PR00011,LMO59_45,4,0
HUF-2025-Q12603,13990,PR00011,LMO59_45,5,0
HUF-2025-Q12603,14490,PR00011,LMO59_45,7,0
HUF-2025-Q12603,7990,PR00011,LMO72_60,1,0
HUF-2025-Q12603,23490,PR00011,LMO72_60,2,0
HUF-2025-Q12603,23490,PR00011,LMO72_60,3,0
HUF-2025-Q12603,23490,PR00011,LMO72_60,4,0
HUF-2025-Q12603,23490,PR00011,LMO72_60,5,0
HUF-2025-Q12603,23490,PR00011,LMO72_60,7,0
HUF-2025-Q12603,6490,PR00011,LMO59_60,1,0
HUF-2025-Q12603,18990,PR00011,LMO59_60,2,0
HUF-2025-Q12603,18990,PR00011,LMO59_60,3,0
HUF-2025-Q12603,18990,PR00011,LMO59_60,4,0
HUF-2025-Q12603,18990,PR00011,LMO59_60,5,0
HUF-2025-Q12603,19390,PR00011,LMO59_60,7,0
HUF-2025-Q12603,51990,PR00011,ATF60,1,53990
HUF-2025-Q12603,54990,PR00011,ATF60,2,60990
HUF-2025-Q12603,54990,PR00011,ATF60,3,60990
HUF-2025-Q12603,54990,PR00011,ATF60,4,60990
HUF-2025-Q12603,54990,PR00011,ATF60,5,60990
HUF-2025-Q12603,55990,PR00011,ATF60,7,58990
HUF-2025-Q12603,55990,PR00011,AML40P,1,53990
HUF-2025-Q12603,67990,PR00011,AML40P,2,77990
HUF-2025-Q12603,67990,PR00011,AML40P,3,77990
HUF-2025-Q12603,67990,PR00011,AML40P,4,77990
HUF-2025-Q12603,67990,PR00011,AML40P,5,77990
HUF-2025-Q12603,68990,PR00011,AML40P,7,73990
HUF-2025-Q12603,55990,PR00011,AML40P,1,53990
HUF-2025-Q12603,67990,PR00011,AML40P,2,77990
HUF-2025-Q12603,67990,PR00011,AML40P,3,77990
HUF-2025-Q12603,67990,PR00011,AML40P,4,77990
HUF-2025-Q12603,67990,PR00011,AML40P,5,77990
HUF-2025-Q12603,68990,PR00011,AML40P,7,73990
HUF-2025-Q12603,55990,PR00011,AML45P,1,54990
HUF-2025-Q12603,71990,PR00011,AML45P,2,79990
HUF-2025-Q12603,71990,PR00011,AML45P,3,79990
HUF-2025-Q12603,71990,PR00011,AML45P,4,79990
HUF-2025-Q12603,71990,PR00011,AML45P,5,79990
HUF-2025-Q12603,73990,PR00011,AML45P,7,77990
HUF-2025-Q12603,55990,PR00011,AML45P,1,54990
HUF-2025-Q12603,71990,PR00011,AML45P,2,79990
HUF-2025-Q12603,71990,PR00011,AML45P,3,79990
HUF-2025-Q12603,71990,PR00011,AML45P,4,79990
HUF-2025-Q12603,71990,PR00011,AML45P,5,79990
HUF-2025-Q12603,73990,PR00011,AML45P,7,77990
HUF-2025-Q12603,63990,PR00011,AML60P,1,57990
HUF-2025-Q12603,83990,PR00011,AML60P,2,98990
HUF-2025-Q12603,83990,PR00011,AML60P,3,98990
HUF-2025-Q12603,83990,PR00011,AML60P,4,98990
HUF-2025-Q12603,83990,PR00011,AML60P,5,98990
HUF-2025-Q12603,84990,PR00011,AML60P,7,91990
HUF-2025-Q12603,79990,PR00011,AML90P,1,67990
HUF-2025-Q12603,131990,PR00011,AML90P,2,122990
HUF-2025-Q12603,131990,PR00011,AML90P,3,122990
HUF-2025-Q12603,131990,PR00011,AML90P,4,122990
HUF-2025-Q12603,131990,PR00011,AML90P,5,122990
HUF-2025-Q12603,133990,PR00011,AML90P,7,129990
HUF-2025-Q12603,61990,PR00011,AF40,1,67990
HUF-2025-Q12603,118990,PR00011,AF40,2,104990
HUF-2025-Q12603,118990,PR00011,AF40,3,104990
HUF-2025-Q12603,118990,PR00011,AF40,4,104990
HUF-2025-Q12603,118990,PR00011,AF40,5,104990
HUF-2025-Q12603,140990,PR00011,AF40,7,137990
HUF-2025-Q12603,62990,PR00011,AF45,1,67990
HUF-2025-Q12603,122990,PR00011,AF45,2,106990
HUF-2025-Q12603,122990,PR00011,AF45,3,106990
HUF-2025-Q12603,122990,PR00011,AF45,4,106990
HUF-2025-Q12603,122990,PR00011,AF45,5,106990
HUF-2025-Q12603,144990,PR00011,AF45,7,140990
HUF-2025-Q12603,63990,PR00011,AF50,1,69990
HUF-2025-Q12603,127990,PR00011,AF50,2,109990
HUF-2025-Q12603,127990,PR00011,AF50,3,109990
HUF-2025-Q12603,127990,PR00011,AF50,4,109990
HUF-2025-Q12603,127990,PR00011,AF50,5,109990
HUF-2025-Q12603,149990,PR00011,AF50,7,144990
HUF-2025-Q12603,64990,PR00011,AF60,1,73990
HUF-2025-Q12603,136990,PR00011,AF60,2,117990
HUF-2025-Q12603,136990,PR00011,AF60,3,117990
HUF-2025-Q12603,136990,PR00011,AF60,4,117990
HUF-2025-Q12603,136990,PR00011,AF60,5,117990
HUF-2025-Q12603,158990,PR00011,AF60,7,152990
HUF-2025-Q12603,83990,PR00011,AF80,1,79990
HUF-2025-Q12603,153990,PR00011,AF80,2,127990
HUF-2025-Q12603,153990,PR00011,AF80,3,127990
HUF-2025-Q12603,153990,PR00011,AF80,4,127990
HUF-2025-Q12603,153990,PR00011,AF80,5,127990
HUF-2025-Q12603,175990,PR00011,AF80,7,166990
HUF-2025-Q12603,101990,PR00011,AF90,1,82990
HUF-2025-Q12603,165990,PR00011,AF90,2,130990
HUF-2025-Q12603,165990,PR00011,AF90,3,130990
HUF-2025-Q12603,165990,PR00011,AF90,4,130990
HUF-2025-Q12603,165990,PR00011,AF90,5,130990
HUF-2025-Q12603,187990,PR00011,AF90,7,174990
HUF-2025-Q12603,8490,PR00011,LOTA_OTA,1,0
HUF-2025-Q12603,8490,PR00011,LOTA_OTA,2,0
HUF-2025-Q12603,8490,PR00011,LOTA_OTA,3,0
HUF-2025-Q12603,8490,PR00011,LOTA_OTA,4,0
HUF-2025-Q12603,8490,PR00011,LOTA_OTA,5,0
HUF-2025-Q12603,12590,PR00011,LOTA_OTA,7,0
HUF-2025-Q12603,7490,PR00011,LOTA_OTAF,1,0
HUF-2025-Q12603,7390,PR00011,LOTA_OTAF,2,0
HUF-2025-Q12603,7390,PR00011,LOTA_OTAF,3,0
HUF-2025-Q12603,7390,PR00011,LOTA_OTAF,4,0
HUF-2025-Q12603,7390,PR00011,LOTA_OTAF,5,0
HUF-2025-Q12603,10990,PR00011,LOTA_OTAF,7,0
HUF-2025-Q12603,21990,PR00011,LOTA_OTAA,1,0
HUF-2025-Q12603,21990,PR00011,LOTA_OTAA,2,0
HUF-2025-Q12603,21990,PR00011,LOTA_OTAA,3,0
HUF-2025-Q12603,21990,PR00011,LOTA_OTAA,4,0
HUF-2025-Q12603,21990,PR00011,LOTA_OTAA,5,0
HUF-2025-Q12603,32690,PR00011,LOTA_OTAA,7,0
HUF-2025-Q12603,53990,PR00011,AS95,1,60990
HUF-2025-Q12603,66990,PR00011,AS95,2,79990
HUF-2025-Q12603,66990,PR00011,AS95,3,79990
HUF-2025-Q12603,66990,PR00011,AS95,4,79990
HUF-2025-Q12603,66990,PR00011,AS95,5,79990
HUF-2025-Q12603,67990,PR00011,AS95,7,74990
HUF-2025-Q12603,53990,PR00011,AS95,1,60990
HUF-2025-Q12603,66990,PR00011,AS95,2,79990
HUF-2025-Q12603,66990,PR00011,AS95,3,79990
HUF-2025-Q12603,66990,PR00011,AS95,4,79990
HUF-2025-Q12603,66990,PR00011,AS95,5,79990
HUF-2025-Q12603,67990,PR00011,AS95,7,74990
HUF-2025-Q12603,46990,PR00011,ASM95,1,55990
HUF-2025-Q12603,62990,PR00011,ASM95,2,75990
HUF-2025-Q12603,62990,PR00011,ASM95,3,75990
HUF-2025-Q12603,62990,PR00011,ASM95,4,75990
HUF-2025-Q12603,62990,PR00011,ASM95,5,75990
HUF-2025-Q12603,63990,PR00011,ASM95,7,70990
HUF-2025-Q12603,46990,PR00011,ASM95,1,55990
HUF-2025-Q12603,62990,PR00011,ASM95,2,75990
HUF-2025-Q12603,62990,PR00011,ASM95,3,75990
HUF-2025-Q12603,62990,PR00011,ASM95,4,75990
HUF-2025-Q12603,62990,PR00011,ASM95,5,75990
HUF-2025-Q12603,63990,PR00011,ASM95,7,70990
HUF-2025-Q12603,54990,PR00011,AS105,1,61990
HUF-2025-Q12603,69990,PR00011,AS105,2,83990
HUF-2025-Q12603,69990,PR00011,AS105,3,83990
HUF-2025-Q12603,69990,PR00011,AS105,4,83990
HUF-2025-Q12603,69990,PR00011,AS105,5,83990
HUF-2025-Q12603,71990,PR00011,AS105,7,78990
HUF-2025-Q12603,54990,PR00011,AS105,1,61990
HUF-2025-Q12603,69990,PR00011,AS105,2,83990
HUF-2025-Q12603,69990,PR00011,AS105,3,83990
HUF-2025-Q12603,69990,PR00011,AS105,4,83990
HUF-2025-Q12603,69990,PR00011,AS105,5,83990
HUF-2025-Q12603,71990,PR00011,AS105,7,78990
HUF-2025-Q12603,49990,PR00011,ASM105,1,56990
HUF-2025-Q12603,63990,PR00011,ASM105,2,79990
HUF-2025-Q12603,63990,PR00011,ASM105,3,79990
HUF-2025-Q12603,63990,PR00011,ASM105,4,79990
HUF-2025-Q12603,63990,PR00011,ASM105,5,79990
HUF-2025-Q12603,67990,PR00011,ASM105,7,73990
HUF-2025-Q12603,49990,PR00011,ASM105,1,56990
HUF-2025-Q12603,63990,PR00011,ASM105,2,79990
HUF-2025-Q12603,63990,PR00011,ASM105,3,79990
HUF-2025-Q12603,63990,PR00011,ASM105,4,79990
HUF-2025-Q12603,63990,PR00011,ASM105,5,79990
HUF-2025-Q12603,67990,PR00011,ASM105,7,73990
HUF-2025-Q12603,51990,PR00011,AS110,1,61990
HUF-2025-Q12603,71990,PR00011,AS110,2,84990
HUF-2025-Q12603,71990,PR00011,AS110,3,84990
HUF-2025-Q12603,71990,PR00011,AS110,4,84990
HUF-2025-Q12603,71990,PR00011,AS110,5,84990
HUF-2025-Q12603,73990,PR00011,AS110,7,79990
HUF-2025-Q12603,51990,PR00011,AS110,1,61990
HUF-2025-Q12603,71990,PR00011,AS110,2,84990
HUF-2025-Q12603,71990,PR00011,AS110,3,84990
HUF-2025-Q12603,71990,PR00011,AS110,4,84990
HUF-2025-Q12603,71990,PR00011,AS110,5,84990
HUF-2025-Q12603,73990,PR00011,AS110,7,79990
HUF-2025-Q12603,51990,PR00011,AS110MAGIC,1,57990
HUF-2025-Q12603,69990,PR00011,AS110MAGIC,2,81990
HUF-2025-Q12603,69990,PR00011,AS110MAGIC,3,81990
HUF-2025-Q12603,69990,PR00011,AS110MAGIC,4,81990
HUF-2025-Q12603,69990,PR00011,AS110MAGIC,5,81990
HUF-2025-Q12603,71990,PR00011,AS110MAGIC,7,77990
HUF-2025-Q12603,51990,PR00011,AS110MAGIC,1,57990
HUF-2025-Q12603,69990,PR00011,AS110MAGIC,2,81990
HUF-2025-Q12603,69990,PR00011,AS110MAGIC,3,81990
HUF-2025-Q12603,69990,PR00011,AS110MAGIC,4,81990
HUF-2025-Q12603,69990,PR00011,AS110MAGIC,5,81990
HUF-2025-Q12603,71990,PR00011,AS110MAGIC,7,77990
HUF-2025-Q12603,51990,PR00011,AS110VT,1,58990
HUF-2025-Q12603,69990,PR00011,AS110VT,2,81990
HUF-2025-Q12603,69990,PR00011,AS110VT,3,81990
HUF-2025-Q12603,69990,PR00011,AS110VT,4,81990
HUF-2025-Q12603,69990,PR00011,AS110VT,5,81990
HUF-2025-Q12603,71990,PR00011,AS110VT,7,77990
HUF-2025-Q12603,51990,PR00011,AS110VT,1,58990
HUF-2025-Q12603,69990,PR00011,AS110VT,2,81990
HUF-2025-Q12603,69990,PR00011,AS110VT,3,81990
HUF-2025-Q12603,69990,PR00011,AS110VT,4,81990
HUF-2025-Q12603,69990,PR00011,AS110VT,5,81990
HUF-2025-Q12603,71990,PR00011,AS110VT,7,77990
HUF-2025-Q12603,50990,PR00011,ASM110,1,56990
HUF-2025-Q12603,69990,PR00011,ASM110,2,80990
HUF-2025-Q12603,69990,PR00011,ASM110,3,80990
HUF-2025-Q12603,69990,PR00011,ASM110,4,80990
HUF-2025-Q12603,69990,PR00011,ASM110,5,80990
HUF-2025-Q12603,70990,PR00011,ASM110,7,76990
HUF-2025-Q12603,50990,PR00011,ASM110,1,56990
HUF-2025-Q12603,69990,PR00011,ASM110,2,80990
HUF-2025-Q12603,69990,PR00011,ASM110,3,80990
HUF-2025-Q12603,69990,PR00011,ASM110,4,80990
HUF-2025-Q12603,69990,PR00011,ASM110,5,80990
HUF-2025-Q12603,70990,PR00011,ASM110,7,76990
HUF-2025-Q12603,90990,PR00011,K40,1,75990
HUF-2025-Q12603,120990,PR00011,K40,2,112990
HUF-2025-Q12603,120990,PR00011,K40,3,112990
HUF-2025-Q12603,120990,PR00011,K40,4,112990
HUF-2025-Q12603,120990,PR00011,K40,5,112990
HUF-2025-Q12603,122990,PR00011,K40,7,133990
HUF-2025-Q12603,90990,PR00011,K40,1,75990
HUF-2025-Q12603,120990,PR00011,K40,2,112990
HUF-2025-Q12603,120990,PR00011,K40,3,112990
HUF-2025-Q12603,120990,PR00011,K40,4,112990
HUF-2025-Q12603,120990,PR00011,K40,5,112990
HUF-2025-Q12603,122990,PR00011,K40,7,133990
HUF-2025-Q12603,90990,PR00011,KTB60,1,83990
HUF-2025-Q12603,136990,PR00011,KTB60,2,123990
HUF-2025-Q12603,136990,PR00011,KTB60,3,123990
HUF-2025-Q12603,136990,PR00011,KTB60,4,123990
HUF-2025-Q12603,136990,PR00011,KTB60,5,123990
HUF-2025-Q12603,138990,PR00011,KTB60,7,149990
HUF-2025-Q12603,90990,PR00011,KTB60,1,83990
HUF-2025-Q12603,136990,PR00011,KTB60,2,123990
HUF-2025-Q12603,136990,PR00011,KTB60,3,123990
HUF-2025-Q12603,136990,PR00011,KTB60,4,123990
HUF-2025-Q12603,136990,PR00011,KTB60,5,123990
HUF-2025-Q12603,138990,PR00011,KTB60,7,149990
HUF-2025-Q12603,82990,PR00011,KMTB60,1,82990
HUF-2025-Q12603,136990,PR00011,KMTB60,2,123990
HUF-2025-Q12603,136990,PR00011,KMTB60,3,123990
HUF-2025-Q12603,136990,PR00011,KMTB60,4,123990
HUF-2025-Q12603,136990,PR00011,KMTB60,5,123990
HUF-2025-Q12603,139990,PR00011,KMTB60,7,149990
HUF-2025-Q12603,82990,PR00011,KMTB60,1,82990
HUF-2025-Q12603,136990,PR00011,KMTB60,2,123990
HUF-2025-Q12603,136990,PR00011,KMTB60,3,123990
HUF-2025-Q12603,136990,PR00011,KMTB60,4,123990
HUF-2025-Q12603,136990,PR00011,KMTB60,5,123990
HUF-2025-Q12603,139990,PR00011,KMTB60,7,149990
HUF-2025-Q12603,103990,PR00011,KMTB60F,1,103990
HUF-2025-Q12603,209990,PR00011,KMTB60F,2,165990
HUF-2025-Q12603,209990,PR00011,KMTB60F,3,165990
HUF-2025-Q12603,209990,PR00011,KMTB60F,4,165990
HUF-2025-Q12603,209990,PR00011,KMTB60F,5,165990
HUF-2025-Q12603,232990,PR00011,KMTB60F,7,230990
HUF-2025-Q12603,103990,PR00011,KMTB602F,1,96990
HUF-2025-Q12603,209990,PR00011,KMTB602F,2,151990
HUF-2025-Q12603,209990,PR00011,KMTB602F,3,151990
HUF-2025-Q12603,209990,PR00011,KMTB602F,4,151990
HUF-2025-Q12603,209990,PR00011,KMTB602F,5,151990
HUF-2025-Q12603,228990,PR00011,KMTB602F,7,218990
HUF-2025-Q12603,125990,PR00011,K60F,1,104990
HUF-2025-Q12603,244990,PR00011,K60F,2,183990
HUF-2025-Q12603,244990,PR00011,K60F,3,183990
HUF-2025-Q12603,244990,PR00011,K60F,4,183990
HUF-2025-Q12603,244990,PR00011,K60F,5,183990
HUF-2025-Q12603,267990,PR00011,K60F,7,257990
HUF-2025-Q12603,125990,PR00011,K60F,1,104990
HUF-2025-Q12603,244990,PR00011,K60F,2,183990
HUF-2025-Q12603,244990,PR00011,K60F,3,183990
HUF-2025-Q12603,244990,PR00011,K60F,4,183990
HUF-2025-Q12603,244990,PR00011,K60F,5,183990
HUF-2025-Q12603,267990,PR00011,K60F,7,257990
HUF-2025-Q12603,103990,PR00011,KMTB60K,1,89990
HUF-2025-Q12603,172990,PR00011,KMTB60K,2,143990
HUF-2025-Q12603,172990,PR00011,KMTB60K,3,143990
HUF-2025-Q12603,172990,PR00011,KMTB60K,4,143990
HUF-2025-Q12603,172990,PR00011,KMTB60K,5,143990
HUF-2025-Q12603,175990,PR00011,KMTB60K,7,179990
HUF-2025-Q12603,103990,PR00011,KMTB60K,1,89990
HUF-2025-Q12603,172990,PR00011,KMTB60K,2,143990
HUF-2025-Q12603,172990,PR00011,KMTB60K,3,143990
HUF-2025-Q12603,172990,PR00011,KMTB60K,4,143990
HUF-2025-Q12603,172990,PR00011,KMTB60K,5,143990
HUF-2025-Q12603,175990,PR00011,KMTB60K,7,179990
HUF-2025-Q12603,106990,PR00011,KMTH60,1,84990
HUF-2025-Q12603,163990,PR00011,KMTH60,2,138990
HUF-2025-Q12603,163990,PR00011,KMTH60,3,138990
HUF-2025-Q12603,163990,PR00011,KMTH60,4,138990
HUF-2025-Q12603,163990,PR00011,KMTH60,5,138990
HUF-2025-Q12603,165990,PR00011,KMTH60,7,167990
HUF-2025-Q12603,106990,PR00011,KMTH60,1,84990
HUF-2025-Q12603,163990,PR00011,KMTH60,2,138990
HUF-2025-Q12603,163990,PR00011,KMTH60,3,138990
HUF-2025-Q12603,163990,PR00011,KMTH60,4,138990
HUF-2025-Q12603,163990,PR00011,KMTH60,5,138990
HUF-2025-Q12603,165990,PR00011,KMTH60,7,167990
HUF-2025-Q12603,106990,PR00011,K60R,1,75990
HUF-2025-Q12603,163990,PR00011,K60R,2,128990
HUF-2025-Q12603,163990,PR00011,K60R,3,128990
HUF-2025-Q12603,163990,PR00011,K60R,4,128990
HUF-2025-Q12603,163990,PR00011,K60R,5,128990
HUF-2025-Q12603,164990,PR00011,K60R,7,161990
HUF-2025-Q12603,106990,PR00011,K60R,1,75990
HUF-2025-Q12603,163990,PR00011,K60R,2,128990
HUF-2025-Q12603,163990,PR00011,K60R,3,128990
HUF-2025-Q12603,163990,PR00011,K60R,4,128990
HUF-2025-Q12603,163990,PR00011,K60R,5,128990
HUF-2025-Q12603,164990,PR00011,K60R,7,161990
HUF-2025-Q12603,110990,PR00011,K60,1,83990
HUF-2025-Q12603,172990,PR00011,K60,2,140990
HUF-2025-Q12603,172990,PR00011,K60,3,140990
HUF-2025-Q12603,172990,PR00011,K60,4,140990
HUF-2025-Q12603,172990,PR00011,K60,5,140990
HUF-2025-Q12603,174990,PR00011,K60,7,177990
HUF-2025-Q12603,110990,PR00011,K60,1,83990
HUF-2025-Q12603,172990,PR00011,K60,2,140990
HUF-2025-Q12603,172990,PR00011,K60,3,140990
HUF-2025-Q12603,172990,PR00011,K60,4,140990
HUF-2025-Q12603,172990,PR00011,K60,5,140990
HUF-2025-Q12603,174990,PR00011,K60,7,177990
HUF-2025-Q12603,90990,PR00011,K40R,1,69990
HUF-2025-Q12603,120990,PR00011,K40R,2,104990
HUF-2025-Q12603,120990,PR00011,K40R,3,104990
HUF-2025-Q12603,120990,PR00011,K40R,4,104990
HUF-2025-Q12603,120990,PR00011,K40R,5,104990
HUF-2025-Q12603,121990,PR00011,K40R,7,125990
HUF-2025-Q12603,65990,PR00011,KF60,1,72990
HUF-2025-Q12603,95990,PR00011,KF60,2,93990
HUF-2025-Q12603,95990,PR00011,KF60,3,93990
HUF-2025-Q12603,95990,PR00011,KF60,4,93990
HUF-2025-Q12603,95990,PR00011,KF60,5,93990
HUF-2025-Q12603,96990,PR00011,KF60,7,112990
HUF-2025-Q12603,65990,PR00011,KF60,1,72990
HUF-2025-Q12603,95990,PR00011,KF60,2,93990
HUF-2025-Q12603,95990,PR00011,KF60,3,93990
HUF-2025-Q12603,95990,PR00011,KF60,4,93990
HUF-2025-Q12603,95990,PR00011,KF60,5,93990
HUF-2025-Q12603,96990,PR00011,KF60,7,112990
HUF-2025-Q12603,83990,PR00011,KF60F,1,93990
HUF-2025-Q12603,157990,PR00011,KF60F,2,136990
HUF-2025-Q12603,157990,PR00011,KF60F,3,136990
HUF-2025-Q12603,157990,PR00011,KF60F,4,136990
HUF-2025-Q12603,157990,PR00011,KF60F,5,136990
HUF-2025-Q12603,179990,PR00011,KF60F,7,187990
HUF-2025-Q12603,41990,PR00011,F30,1,45990
HUF-2025-Q12603,49990,PR00011,F30,2,55990
HUF-2025-Q12603,49990,PR00011,F30,3,55990
HUF-2025-Q12603,49990,PR00011,F30,4,55990
HUF-2025-Q12603,49990,PR00011,F30,5,55990
HUF-2025-Q12603,51990,PR00011,F30,7,54990
HUF-2025-Q12603,41990,PR00011,F30,1,45990
HUF-2025-Q12603,49990,PR00011,F30,2,55990
HUF-2025-Q12603,49990,PR00011,F30,3,55990
HUF-2025-Q12603,49990,PR00011,F30,4,55990
HUF-2025-Q12603,49990,PR00011,F30,5,55990
HUF-2025-Q12603,51990,PR00011,F30,7,54990
HUF-2025-Q12603,42990,PR00011,F35,1,46990
HUF-2025-Q12603,52990,PR00011,F35,2,57990
HUF-2025-Q12603,52990,PR00011,F35,3,57990
HUF-2025-Q12603,52990,PR00011,F35,4,57990
HUF-2025-Q12603,52990,PR00011,F35,5,57990
HUF-2025-Q12603,53990,PR00011,F35,7,56990
HUF-2025-Q12603,42990,PR00011,F35,1,46990
HUF-2025-Q12603,52990,PR00011,F35,2,57990
HUF-2025-Q12603,52990,PR00011,F35,3,57990
HUF-2025-Q12603,52990,PR00011,F35,4,57990
HUF-2025-Q12603,52990,PR00011,F35,5,57990
HUF-2025-Q12603,53990,PR00011,F35,7,56990
HUF-2025-Q12603,44990,PR00011,F40,1,47990
HUF-2025-Q12603,54990,PR00011,F40,2,60990
HUF-2025-Q12603,54990,PR00011,F40,3,60990
HUF-2025-Q12603,54990,PR00011,F40,4,60990
HUF-2025-Q12603,54990,PR00011,F40,5,60990
HUF-2025-Q12603,56990,PR00011,F40,7,59990
HUF-2025-Q12603,44990,PR00011,F40,1,47990
HUF-2025-Q12603,54990,PR00011,F40,2,60990
HUF-2025-Q12603,54990,PR00011,F40,3,60990
HUF-2025-Q12603,54990,PR00011,F40,4,60990
HUF-2025-Q12603,54990,PR00011,F40,5,60990
HUF-2025-Q12603,56990,PR00011,F40,7,59990
HUF-2025-Q12603,44990,PR00011,F45,1,47990
HUF-2025-Q12603,56990,PR00011,F45,2,62990
HUF-2025-Q12603,56990,PR00011,F45,3,62990
HUF-2025-Q12603,56990,PR00011,F45,4,62990
HUF-2025-Q12603,56990,PR00011,F45,5,62990
HUF-2025-Q12603,58990,PR00011,F45,7,61990
HUF-2025-Q12603,44990,PR00011,F45,1,47990
HUF-2025-Q12603,56990,PR00011,F45,2,62990
HUF-2025-Q12603,56990,PR00011,F45,3,62990
HUF-2025-Q12603,56990,PR00011,F45,4,62990
HUF-2025-Q12603,56990,PR00011,F45,5,62990
HUF-2025-Q12603,58990,PR00011,F45,7,61990
HUF-2025-Q12603,45990,PR00011,F50,1,48990
HUF-2025-Q12603,59990,PR00011,F50,2,66990
HUF-2025-Q12603,59990,PR00011,F50,3,66990
HUF-2025-Q12603,59990,PR00011,F50,4,66990
HUF-2025-Q12603,59990,PR00011,F50,5,66990
HUF-2025-Q12603,61990,PR00011,F50,7,64990
HUF-2025-Q12603,45990,PR00011,F50,1,48990
HUF-2025-Q12603,59990,PR00011,F50,2,66990
HUF-2025-Q12603,59990,PR00011,F50,3,66990
HUF-2025-Q12603,59990,PR00011,F50,4,66990
HUF-2025-Q12603,59990,PR00011,F50,5,66990
HUF-2025-Q12603,61990,PR00011,F50,7,64990
HUF-2025-Q12603,47990,PR00011,F60E,1,50990
HUF-2025-Q12603,64990,PR00011,F60E,2,70990
HUF-2025-Q12603,64990,PR00011,F60E,3,70990
HUF-2025-Q12603,64990,PR00011,F60E,4,70990
HUF-2025-Q12603,64990,PR00011,F60E,5,70990
HUF-2025-Q12603,65990,PR00011,F60E,7,68990
HUF-2025-Q12603,47990,PR00011,F60E,1,50990
HUF-2025-Q12603,64990,PR00011,F60E,2,70990
HUF-2025-Q12603,64990,PR00011,F60E,3,70990
HUF-2025-Q12603,64990,PR00011,F60E,4,70990
HUF-2025-Q12603,64990,PR00011,F60E,5,70990
HUF-2025-Q12603,65990,PR00011,F60E,7,68990
HUF-2025-Q12603,47990,PR00011,F60,1,52990
HUF-2025-Q12603,64990,PR00011,F60,2,72990
HUF-2025-Q12603,64990,PR00011,F60,3,72990
HUF-2025-Q12603,64990,PR00011,F60,4,72990
HUF-2025-Q12603,64990,PR00011,F60,5,72990
HUF-2025-Q12603,66990,PR00011,F60,7,71990
HUF-2025-Q12603,51990,PR00011,F70,1,54990
HUF-2025-Q12603,70990,PR00011,F70,2,76990
HUF-2025-Q12603,70990,PR00011,F70,3,76990
HUF-2025-Q12603,70990,PR00011,F70,4,76990
HUF-2025-Q12603,70990,PR00011,F70,5,76990
HUF-2025-Q12603,73990,PR00011,F70,7,76990
HUF-2025-Q12603,54990,PR00011,F80,1,56990
HUF-2025-Q12603,72990,PR00011,F80,2,82990
HUF-2025-Q12603,72990,PR00011,F80,3,82990
HUF-2025-Q12603,72990,PR00011,F80,4,82990
HUF-2025-Q12603,72990,PR00011,F80,5,82990
HUF-2025-Q12603,74990,PR00011,F80,7,79990
HUF-2025-Q12603,66990,PR00011,F90,1,57990
HUF-2025-Q12603,78990,PR00011,F90,2,85990
HUF-2025-Q12603,78990,PR00011,F90,3,85990
HUF-2025-Q12603,78990,PR00011,F90,4,85990
HUF-2025-Q12603,78990,PR00011,F90,5,85990
HUF-2025-Q12603,80990,PR00011,F90,7,84990
HUF-2025-Q12603,58990,PR00011,FU45,2,60990
HUF-2025-Q12603,58990,PR00011,FU45,3,60990
HUF-2025-Q12603,58990,PR00011,FU45,4,60990
HUF-2025-Q12603,58990,PR00011,FU45,5,60990
HUF-2025-Q12603,59990,PR00011,FU45,7,0
HUF-2025-Q12603,58990,PR00011,FU45,2,60990
HUF-2025-Q12603,58990,PR00011,FU45,3,60990
HUF-2025-Q12603,58990,PR00011,FU45,4,60990
HUF-2025-Q12603,58990,PR00011,FU45,5,60990
HUF-2025-Q12603,59990,PR00011,FU45,7,0
HUF-2025-Q12603,98990,PR00011,FU90,2,81990
HUF-2025-Q12603,98990,PR00011,FU90,3,81990
HUF-2025-Q12603,98990,PR00011,FU90,4,81990
HUF-2025-Q12603,98990,PR00011,FU90,5,81990
HUF-2025-Q12603,100990,PR00011,FU90,7,0
HUF-2025-Q12603,37990,PR00011,FMF30,1,42990
HUF-2025-Q12603,51990,PR00011,FMF30,2,58990
HUF-2025-Q12603,51990,PR00011,FMF30,3,58990
HUF-2025-Q12603,51990,PR00011,FMF30,4,58990
HUF-2025-Q12603,51990,PR00011,FMF30,5,58990
HUF-2025-Q12603,53990,PR00011,FMF30,7,56990
HUF-2025-Q12603,38990,PR00011,FMF35,1,42990
HUF-2025-Q12603,53990,PR00011,FMF35,2,59990
HUF-2025-Q12603,53990,PR00011,FMF35,3,59990
HUF-2025-Q12603,53990,PR00011,FMF35,4,59990
HUF-2025-Q12603,53990,PR00011,FMF35,5,59990
HUF-2025-Q12603,54990,PR00011,FMF35,7,57990
HUF-2025-Q12603,38990,PR00011,FMF40,1,43990
HUF-2025-Q12603,54990,PR00011,FMF40,2,60990
HUF-2025-Q12603,54990,PR00011,FMF40,3,60990
HUF-2025-Q12603,54990,PR00011,FMF40,4,60990
HUF-2025-Q12603,54990,PR00011,FMF40,5,60990
HUF-2025-Q12603,55990,PR00011,FMF40,7,58990
HUF-2025-Q12603,39990,PR00011,FMF45,1,43990
HUF-2025-Q12603,55990,PR00011,FMF45,2,61990
HUF-2025-Q12603,55990,PR00011,FMF45,3,61990
HUF-2025-Q12603,55990,PR00011,FMF45,4,61990
HUF-2025-Q12603,55990,PR00011,FMF45,5,61990
HUF-2025-Q12603,56990,PR00011,FMF45,7,59990
HUF-2025-Q12603,40990,PR00011,FMF50,1,43990
HUF-2025-Q12603,56990,PR00011,FMF50,2,62990
HUF-2025-Q12603,56990,PR00011,FMF50,3,62990
HUF-2025-Q12603,56990,PR00011,FMF50,4,62990
HUF-2025-Q12603,56990,PR00011,FMF50,5,62990
HUF-2025-Q12603,57990,PR00011,FMF50,7,61990
HUF-2025-Q12603,41990,PR00011,FMF60,1,45990
HUF-2025-Q12603,58990,PR00011,FMF60,2,65990
HUF-2025-Q12603,58990,PR00011,FMF60,3,65990
HUF-2025-Q12603,58990,PR00011,FMF60,4,65990
HUF-2025-Q12603,58990,PR00011,FMF60,5,65990
HUF-2025-Q12603,59990,PR00011,FMF60,7,63990
HUF-2025-Q12603,42990,PR00011,FMF70,1,45990
HUF-2025-Q12603,61990,PR00011,FMF70,2,67990
HUF-2025-Q12603,61990,PR00011,FMF70,3,67990
HUF-2025-Q12603,61990,PR00011,FMF70,4,67990
HUF-2025-Q12603,61990,PR00011,FMF70,5,67990
HUF-2025-Q12603,62990,PR00011,FMF70,7,65990
HUF-2025-Q12603,43990,PR00011,FMF80,1,46990
HUF-2025-Q12603,63990,PR00011,FMF80,2,69990
HUF-2025-Q12603,63990,PR00011,FMF80,3,69990
HUF-2025-Q12603,63990,PR00011,FMF80,4,69990
HUF-2025-Q12603,63990,PR00011,FMF80,5,69990
HUF-2025-Q12603,64990,PR00011,FMF80,7,67990
HUF-2025-Q12603,43990,PR00011,FMF90,1,47990
HUF-2025-Q12603,65990,PR00011,FMF90,2,72990
HUF-2025-Q12603,65990,PR00011,FMF90,3,72990
HUF-2025-Q12603,65990,PR00011,FMF90,4,72990
HUF-2025-Q12603,65990,PR00011,FMF90,5,72990
HUF-2025-Q12603,66990,PR00011,FMF90,7,70990
HUF-2025-Q12603,38990,PR00011,FKF30,1,44990
HUF-2025-Q12603,56990,PR00011,FKF30,2,61990
HUF-2025-Q12603,56990,PR00011,FKF30,3,61990
HUF-2025-Q12603,56990,PR00011,FKF30,4,61990
HUF-2025-Q12603,56990,PR00011,FKF30,5,61990
HUF-2025-Q12603,57990,PR00011,FKF30,7,63990
HUF-2025-Q12603,40990,PR00011,FKF35,1,45990
HUF-2025-Q12603,57990,PR00011,FKF35,2,62990
HUF-2025-Q12603,57990,PR00011,FKF35,3,62990
HUF-2025-Q12603,57990,PR00011,FKF35,4,62990
HUF-2025-Q12603,57990,PR00011,FKF35,5,62990
HUF-2025-Q12603,58990,PR00011,FKF35,7,61990
HUF-2025-Q12603,41990,PR00011,FKF40,1,46990
HUF-2025-Q12603,58990,PR00011,FKF40,2,64990
HUF-2025-Q12603,58990,PR00011,FKF40,3,64990
HUF-2025-Q12603,58990,PR00011,FKF40,4,64990
HUF-2025-Q12603,58990,PR00011,FKF40,5,64990
HUF-2025-Q12603,59990,PR00011,FKF40,7,66990
HUF-2025-Q12603,42990,PR00011,FKF45,1,46990
HUF-2025-Q12603,59990,PR00011,FKF45,2,64990
HUF-2025-Q12603,59990,PR00011,FKF45,3,64990
HUF-2025-Q12603,59990,PR00011,FKF45,4,64990
HUF-2025-Q12603,59990,PR00011,FKF45,5,64990
HUF-2025-Q12603,60990,PR00011,FKF45,7,63990
HUF-2025-Q12603,43990,PR00011,FKF50,1,47990
HUF-2025-Q12603,61990,PR00011,FKF50,2,66990
HUF-2025-Q12603,61990,PR00011,FKF50,3,66990
HUF-2025-Q12603,61990,PR00011,FKF50,4,66990
HUF-2025-Q12603,61990,PR00011,FKF50,5,66990
HUF-2025-Q12603,62990,PR00011,FKF50,7,65990
HUF-2025-Q12603,45990,PR00011,FKF60,1,49990
HUF-2025-Q12603,64990,PR00011,FKF60,2,70990
HUF-2025-Q12603,64990,PR00011,FKF60,3,70990
HUF-2025-Q12603,64990,PR00011,FKF60,4,70990
HUF-2025-Q12603,64990,PR00011,FKF60,5,70990
HUF-2025-Q12603,65990,PR00011,FKF60,7,73990
HUF-2025-Q12603,46990,PR00011,FKF70,1,49990
HUF-2025-Q12603,67990,PR00011,FKF70,2,71990
HUF-2025-Q12603,67990,PR00011,FKF70,3,71990
HUF-2025-Q12603,67990,PR00011,FKF70,4,71990
HUF-2025-Q12603,67990,PR00011,FKF70,5,71990
HUF-2025-Q12603,68990,PR00011,FKF70,7,75990
HUF-2025-Q12603,48990,PR00011,FKF80,1,50990
HUF-2025-Q12603,68990,PR00011,FKF80,2,73990
HUF-2025-Q12603,68990,PR00011,FKF80,3,73990
HUF-2025-Q12603,68990,PR00011,FKF80,4,73990
HUF-2025-Q12603,68990,PR00011,FKF80,5,73990
HUF-2025-Q12603,71990,PR00011,FKF80,7,79990
HUF-2025-Q12603,55990,PR00011,FKF90,1,51990
HUF-2025-Q12603,75990,PR00011,FKF90,2,76990
HUF-2025-Q12603,75990,PR00011,FKF90,3,76990
HUF-2025-Q12603,75990,PR00011,FKF90,4,76990
HUF-2025-Q12603,75990,PR00011,FKF90,5,76990
HUF-2025-Q12603,76990,PR00011,FKF90,7,83990
HUF-2025-Q12603,48990,PR00011,FFZ45,1,51990
HUF-2025-Q12603,88990,PR00011,FFZ45,2,86990
HUF-2025-Q12603,88990,PR00011,FFZ45,3,86990
HUF-2025-Q12603,88990,PR00011,FFZ45,4,86990
HUF-2025-Q12603,88990,PR00011,FFZ45,5,86990
HUF-2025-Q12603,90990,PR00011,FFZ45,7,90990
HUF-2025-Q12603,48990,PR00011,FFZ50,1,52990
HUF-2025-Q12603,89990,PR00011,FFZ50,2,89990
HUF-2025-Q12603,89990,PR00011,FFZ50,3,89990
HUF-2025-Q12603,89990,PR00011,FFZ50,4,89990
HUF-2025-Q12603,89990,PR00011,FFZ50,5,89990
HUF-2025-Q12603,91990,PR00011,FFZ50,7,91990
HUF-2025-Q12603,48990,PR00011,FFZ60,1,54990
HUF-2025-Q12603,91990,PR00011,FFZ60,2,95990
HUF-2025-Q12603,91990,PR00011,FFZ60,3,95990
HUF-2025-Q12603,91990,PR00011,FFZ60,4,95990
HUF-2025-Q12603,91990,PR00011,FFZ60,5,95990
HUF-2025-Q12603,94990,PR00011,FFZ60,7,96990
HUF-2025-Q12603,45990,PR00011,FFM60,1,50990
HUF-2025-Q12603,73990,PR00011,FFM60,2,71990
HUF-2025-Q12603,73990,PR00011,FFM60,3,71990
HUF-2025-Q12603,73990,PR00011,FFM60,4,71990
HUF-2025-Q12603,73990,PR00011,FFM60,5,71990
HUF-2025-Q12603,74990,PR00011,FFM60,7,74990
HUF-2025-Q12603,51990,PR00011,FFZ70,1,55990
HUF-2025-Q12603,106990,PR00011,FFZ70,2,97990
HUF-2025-Q12603,106990,PR00011,FFZ70,3,97990
HUF-2025-Q12603,106990,PR00011,FFZ70,4,97990
HUF-2025-Q12603,106990,PR00011,FFZ70,5,97990
HUF-2025-Q12603,108990,PR00011,FFZ70,7,104990
HUF-2025-Q12603,51990,PR00011,FFZ80,1,56990
HUF-2025-Q12603,106990,PR00011,FFZ80,2,102990
HUF-2025-Q12603,106990,PR00011,FFZ80,3,102990
HUF-2025-Q12603,106990,PR00011,FFZ80,4,102990
HUF-2025-Q12603,106990,PR00011,FFZ80,5,102990
HUF-2025-Q12603,108990,PR00011,FFZ80,7,107990
HUF-2025-Q12603,66990,PR00011,FFZ90,1,58990
HUF-2025-Q12603,114990,PR00011,FFZ90,2,107990
HUF-2025-Q12603,114990,PR00011,FFZ90,3,107990
HUF-2025-Q12603,114990,PR00011,FFZ90,4,107990
HUF-2025-Q12603,114990,PR00011,FFZ90,5,107990
HUF-2025-Q12603,116990,PR00011,FFZ90,7,113990
HUF-2025-Q12603,122990,PR00011,FF90,2,111990
HUF-2025-Q12603,122990,PR00011,FF90,3,111990
HUF-2025-Q12603,122990,PR00011,FF90,4,111990
HUF-2025-Q12603,122990,PR00011,FF90,5,111990
HUF-2025-Q12603,123990,PR00011,FF90,7,118990
HUF-2025-Q12603,49990,PR00011,F30_2A,2,57990
HUF-2025-Q12603,49990,PR00011,F30_2A,3,57990
HUF-2025-Q12603,49990,PR00011,F30_2A,4,57990
HUF-2025-Q12603,49990,PR00011,F30_2A,5,57990
HUF-2025-Q12603,51990,PR00011,F30_2A,7,55990
HUF-2025-Q12603,49990,PR00011,F30_2A,2,57990
HUF-2025-Q12603,49990,PR00011,F30_2A,3,57990
HUF-2025-Q12603,49990,PR00011,F30_2A,4,57990
HUF-2025-Q12603,49990,PR00011,F30_2A,5,57990
HUF-2025-Q12603,51990,PR00011,F30_2A,7,55990
HUF-2025-Q12603,52990,PR00011,F35_2A,2,58990
HUF-2025-Q12603,52990,PR00011,F35_2A,3,58990
HUF-2025-Q12603,52990,PR00011,F35_2A,4,58990
HUF-2025-Q12603,52990,PR00011,F35_2A,5,58990
HUF-2025-Q12603,53990,PR00011,F35_2A,7,57990
HUF-2025-Q12603,52990,PR00011,F35_2A,2,58990
HUF-2025-Q12603,52990,PR00011,F35_2A,3,58990
HUF-2025-Q12603,52990,PR00011,F35_2A,4,58990
HUF-2025-Q12603,52990,PR00011,F35_2A,5,58990
HUF-2025-Q12603,53990,PR00011,F35_2A,7,57990
HUF-2025-Q12603,54990,PR00011,F40_2A,2,60990
HUF-2025-Q12603,54990,PR00011,F40_2A,3,60990
HUF-2025-Q12603,54990,PR00011,F40_2A,4,60990
HUF-2025-Q12603,54990,PR00011,F40_2A,5,60990
HUF-2025-Q12603,56990,PR00011,F40_2A,7,59990
HUF-2025-Q12603,54990,PR00011,F40_2A,2,60990
HUF-2025-Q12603,54990,PR00011,F40_2A,3,60990
HUF-2025-Q12603,54990,PR00011,F40_2A,4,60990
HUF-2025-Q12603,54990,PR00011,F40_2A,5,60990
HUF-2025-Q12603,56990,PR00011,F40_2A,7,59990
HUF-2025-Q12603,56990,PR00011,F45_2A,2,62990
HUF-2025-Q12603,56990,PR00011,F45_2A,3,62990
HUF-2025-Q12603,56990,PR00011,F45_2A,4,62990
HUF-2025-Q12603,56990,PR00011,F45_2A,5,62990
HUF-2025-Q12603,58990,PR00011,F45_2A,7,61990
HUF-2025-Q12603,56990,PR00011,F45_2A,2,62990
HUF-2025-Q12603,56990,PR00011,F45_2A,3,62990
HUF-2025-Q12603,56990,PR00011,F45_2A,4,62990
HUF-2025-Q12603,56990,PR00011,F45_2A,5,62990
HUF-2025-Q12603,58990,PR00011,F45_2A,7,61990
HUF-2025-Q12603,60990,PR00011,FUZ45,2,63990
HUF-2025-Q12603,60990,PR00011,FUZ45,3,63990
HUF-2025-Q12603,60990,PR00011,FUZ45,4,63990
HUF-2025-Q12603,60990,PR00011,FUZ45,5,63990
HUF-2025-Q12603,62990,PR00011,FUZ45,7,0
HUF-2025-Q12603,60990,PR00011,FUZ45,2,63990
HUF-2025-Q12603,60990,PR00011,FUZ45,3,63990
HUF-2025-Q12603,60990,PR00011,FUZ45,4,63990
HUF-2025-Q12603,60990,PR00011,FUZ45,5,63990
HUF-2025-Q12603,62990,PR00011,FUZ45,7,0
HUF-2025-Q12603,40990,PR00011,EF50,1,44990
HUF-2025-Q12603,56990,PR00011,EF50,2,62990
HUF-2025-Q12603,56990,PR00011,EF50,3,62990
HUF-2025-Q12603,56990,PR00011,EF50,4,62990
HUF-2025-Q12603,56990,PR00011,EF50,5,62990
HUF-2025-Q12603,57990,PR00011,EF50,7,61990
HUF-2025-Q12603,43990,PR00011,EFT50,1,47990
HUF-2025-Q12603,53990,PR00011,EFT50,2,55990
HUF-2025-Q12603,53990,PR00011,EFT50,3,55990
HUF-2025-Q12603,53990,PR00011,EFT50,4,55990
HUF-2025-Q12603,53990,PR00011,EFT50,5,55990
HUF-2025-Q12603,55990,PR00011,EFT50,7,56990
HUF-2025-Q12603,42990,PR00011,EFT50F,1,46990
HUF-2025-Q12603,63990,PR00011,EFT50F,2,70990
HUF-2025-Q12603,63990,PR00011,EFT50F,3,70990
HUF-2025-Q12603,63990,PR00011,EFT50F,4,70990
HUF-2025-Q12603,63990,PR00011,EFT50F,5,70990
HUF-2025-Q12603,64990,PR00011,EFT50F,7,68990
HUF-2025-Q12603,41990,PR00011,EF60,1,45990
HUF-2025-Q12603,58990,PR00011,EF60,2,65990
HUF-2025-Q12603,58990,PR00011,EF60,3,65990
HUF-2025-Q12603,58990,PR00011,EF60,4,65990
HUF-2025-Q12603,58990,PR00011,EF60,5,65990
HUF-2025-Q12603,59990,PR00011,EF60,7,63990
HUF-2025-Q12603,44990,PR00011,EFT60,1,48990
HUF-2025-Q12603,58990,PR00011,EFT60,2,63990
HUF-2025-Q12603,58990,PR00011,EFT60,3,63990
HUF-2025-Q12603,58990,PR00011,EFT60,4,63990
HUF-2025-Q12603,58990,PR00011,EFT60,5,63990
HUF-2025-Q12603,59990,PR00011,EFT60,7,62990
HUF-2025-Q12603,43990,PR00011,EFT60F,1,47990
HUF-2025-Q12603,65990,PR00011,EFT60F,2,73990
HUF-2025-Q12603,65990,PR00011,EFT60F,3,73990
HUF-2025-Q12603,65990,PR00011,EFT60F,4,73990
HUF-2025-Q12603,65990,PR00011,EFT60F,5,73990
HUF-2025-Q12603,66990,PR00011,EFT60F,7,70990
HUF-2025-Q12603,37990,PR00011,FNY20,1,40990
HUF-2025-Q12603,39990,PR00011,FNY20,2,40990
HUF-2025-Q12603,39990,PR00011,FNY20,3,40990
HUF-2025-Q12603,39990,PR00011,FNY20,4,40990
HUF-2025-Q12603,39990,PR00011,FNY20,5,40990
HUF-2025-Q12603,40990,PR00011,FNY20,7,44990
HUF-2025-Q12603,35990,PR00011,FMFNY20,1,36990
HUF-2025-Q12603,38990,PR00011,FMFNY20,2,36990
HUF-2025-Q12603,38990,PR00011,FMFNY20,3,36990
HUF-2025-Q12603,38990,PR00011,FMFNY20,4,36990
HUF-2025-Q12603,38990,PR00011,FMFNY20,5,36990
HUF-2025-Q12603,39900,PR00011,FMFNY20,7,38990
HUF-2025-Q12603,37990,PR00011,FVZ30,1,40990
HUF-2025-Q12603,40990,PR00011,FVZ30,2,41990
HUF-2025-Q12603,40990,PR00011,FVZ30,3,41990
HUF-2025-Q12603,40990,PR00011,FVZ30,4,41990
HUF-2025-Q12603,40990,PR00011,FVZ30,5,41990
HUF-2025-Q12603,44990,PR00011,FVZ30,7,46990
HUF-2025-Q12603,37990,PR00011,FVZ30,1,40990
HUF-2025-Q12603,40990,PR00011,FVZ30,2,41990
HUF-2025-Q12603,40990,PR00011,FVZ30,3,41990
HUF-2025-Q12603,40990,PR00011,FVZ30,4,41990
HUF-2025-Q12603,40990,PR00011,FVZ30,5,41990
HUF-2025-Q12603,44990,PR00011,FVZ30,7,46990
HUF-2025-Q12603,43990,PR00011,FMFSZ,1,44990
HUF-2025-Q12603,48990,PR00011,FMFSZ,2,55990
HUF-2025-Q12603,48990,PR00011,FMFSZ,3,55990
HUF-2025-Q12603,48990,PR00011,FMFSZ,4,55990
HUF-2025-Q12603,48990,PR00011,FMFSZ,5,55990
HUF-2025-Q12603,49990,PR00011,FMFSZ,7,53990
HUF-2025-Q12603,43990,PR00011,FMFSZ,1,44990
HUF-2025-Q12603,48990,PR00011,FMFSZ,2,55990
HUF-2025-Q12603,48990,PR00011,FMFSZ,3,55990
HUF-2025-Q12603,48990,PR00011,FMFSZ,4,55990
HUF-2025-Q12603,48990,PR00011,FMFSZ,5,55990
HUF-2025-Q12603,49990,PR00011,FMFSZ,7,53990
HUF-2025-Q12603,50990,PR00011,FSZ,1,54990
HUF-2025-Q12603,60990,PR00011,FSZ,2,68990
HUF-2025-Q12603,60990,PR00011,FSZ,3,68990
HUF-2025-Q12603,60990,PR00011,FSZ,4,68990
HUF-2025-Q12603,60990,PR00011,FSZ,5,68990
HUF-2025-Q12603,61990,PR00011,FSZ,7,65990
HUF-2025-Q12603,50990,PR00011,FSZ,1,54990
HUF-2025-Q12603,60990,PR00011,FSZ,2,68990
HUF-2025-Q12603,60990,PR00011,FSZ,3,68990
HUF-2025-Q12603,60990,PR00011,FSZ,4,68990
HUF-2025-Q12603,60990,PR00011,FSZ,5,68990
HUF-2025-Q12603,61990,PR00011,FSZ,7,65990
HUF-2025-Q12603,63990,PR00011,FSZ_2A,2,71990
HUF-2025-Q12603,63990,PR00011,FSZ_2A,3,71990
HUF-2025-Q12603,63990,PR00011,FSZ_2A,4,71990
HUF-2025-Q12603,63990,PR00011,FSZ_2A,5,71990
HUF-2025-Q12603,65990,PR00011,FSZ_2A,7,70990
HUF-2025-Q12603,63990,PR00011,FSZ_2A,2,71990
HUF-2025-Q12603,63990,PR00011,FSZ_2A,3,71990
HUF-2025-Q12603,63990,PR00011,FSZ_2A,4,71990
HUF-2025-Q12603,63990,PR00011,FSZ_2A,5,71990
HUF-2025-Q12603,65990,PR00011,FSZ_2A,7,70990
HUF-2025-Q12603,56990,PR00011,FU40,2,62990
HUF-2025-Q12603,56990,PR00011,FU40,3,62990
HUF-2025-Q12603,56990,PR00011,FU40,4,62990
HUF-2025-Q12603,56990,PR00011,FU40,5,62990
HUF-2025-Q12603,57990,PR00011,FU40,7,0
HUF-2025-Q12603,56990,PR00011,FU40,2,62990
HUF-2025-Q12603,56990,PR00011,FU40,3,62990
HUF-2025-Q12603,56990,PR00011,FU40,4,62990
HUF-2025-Q12603,56990,PR00011,FU40,5,62990
HUF-2025-Q12603,57990,PR00011,FU40,7,0
HUF-2025-Q12603,87990,PR00011,FU80,2,86990
HUF-2025-Q12603,87990,PR00011,FU80,3,86990
HUF-2025-Q12603,87990,PR00011,FU80,4,86990
HUF-2025-Q12603,87990,PR00011,FU80,5,86990
HUF-2025-Q12603,89990,PR00011,FU80,7,0
HUF-2025-Q12603,66990,PR00011,F100,1,59990
HUF-2025-Q12603,80990,PR00011,F100,2,95990
HUF-2025-Q12603,80990,PR00011,F100,3,95990
HUF-2025-Q12603,80990,PR00011,F100,4,95990
HUF-2025-Q12603,80990,PR00011,F100,5,95990
HUF-2025-Q12603,81990,PR00011,F100,7,90990
HUF-2025-Q12603,63990,PR00011,FSU,2,73990
HUF-2025-Q12603,63990,PR00011,FSU,3,73990
HUF-2025-Q12603,63990,PR00011,FSU,4,73990
HUF-2025-Q12603,63990,PR00011,FSU,5,73990
HUF-2025-Q12603,64990,PR00011,FSU,7,0
HUF-2025-Q12603,63990,PR00011,FSU,2,73990
HUF-2025-Q12603,63990,PR00011,FSU,3,73990
HUF-2025-Q12603,63990,PR00011,FSU,4,73990
HUF-2025-Q12603,63990,PR00011,FSU,5,73990
HUF-2025-Q12603,64990,PR00011,FSU,7,0
HUF-2025-Q12603,1432,PR00011_CF00001,LE,1,0
HUF-2025-Q12603,1432,PR00011_CF00001,LE,2,0
HUF-2025-Q12603,1432,PR00011_CF00001,LE,3,0
HUF-2025-Q12603,1432,PR00011_CF00001,LE,4,0
HUF-2025-Q12603,1432,PR00011_CF00001,LE,5,0
HUF-2025-Q12603,2072,PR00011_CF00002,LE,7,0
HUF-2025-Q12603,75990,PR00011,AML80P,1,65990
HUF-2025-Q12603,119990,PR00011,AML80P,2,116990
HUF-2025-Q12603,119990,PR00011,AML80P,3,116990
HUF-2025-Q12603,119990,PR00011,AML80P,4,116990
HUF-2025-Q12603,119990,PR00011,AML80P,5,116990
HUF-2025-Q12603,121990,PR00011,AML80P,7,120990
HUF-2025-Q12603,63990,PR00011,AML60P,1,57990
HUF-2025-Q12603,83990,PR00011,AML60P,2,98990
HUF-2025-Q12603,83990,PR00011,AML60P,3,98990
HUF-2025-Q12603,83990,PR00011,AML60P,4,98990
HUF-2025-Q12603,83990,PR00011,AML60P,5,98990
HUF-2025-Q12603,84990,PR00011,AML60P,7,91990
HUF-2025-Q12603,59990,PR00011,ATF60P,1,59990
HUF-2025-Q12603,69990,PR00011,ATF60P,2,85990
HUF-2025-Q12603,69990,PR00011,ATF60P,3,85990
HUF-2025-Q12603,69990,PR00011,ATF60P,4,85990
HUF-2025-Q12603,69990,PR00011,ATF60P,5,85990
HUF-2025-Q12603,70990,PR00011,ATF60P,7,78990
HUF-2025-Q12603,68990,PR00011,AMO80P,1,61990
HUF-2025-Q12603,103990,PR00011,AMO80P,2,112990
HUF-2025-Q12603,103990,PR00011,AMO80P,3,112990
HUF-2025-Q12603,103990,PR00011,AMO80P,4,112990
HUF-2025-Q12603,103990,PR00011,AMO80P,5,112990
HUF-2025-Q12603,105990,PR00011,AMO80P,7,110990
HUF-2025-Q12603,71990,PR00011,AMO90P,1,63990
HUF-2025-Q12603,110990,PR00011,AMO90P,2,118990
HUF-2025-Q12603,110990,PR00011,AMO90P,3,118990
HUF-2025-Q12603,110990,PR00011,AMO90P,4,118990
HUF-2025-Q12603,110990,PR00011,AMO90P,5,118990
HUF-2025-Q12603,112990,PR00011,AMO90P,7,116990
HUF-2025-Q12603,63990,PR00011,ASL90,1,72990
HUF-2025-Q12603,85990,PR00011,ASL90,2,93990
HUF-2025-Q12603,85990,PR00011,ASL90,3,93990
HUF-2025-Q12603,85990,PR00011,ASL90,4,93990
HUF-2025-Q12603,85990,PR00011,ASL90,5,93990
HUF-2025-Q12603,86990,PR00011,ASL90,7,91990
HUF-2025-Q12603,63990,PR00011,ASL90,1,72990
HUF-2025-Q12603,85990,PR00011,ASL90,2,93990
HUF-2025-Q12603,85990,PR00011,ASL90,3,93990
HUF-2025-Q12603,85990,PR00011,ASL90,4,93990
HUF-2025-Q12603,85990,PR00011,ASL90,5,93990
HUF-2025-Q12603,86990,PR00011,ASL90,7,91990
HUF-2025-Q12603,43990,PR00011,EFT50_68,1,48990
HUF-2025-Q12603,46990,PR00011,EFT50_68,2,61990
HUF-2025-Q12603,46990,PR00011,EFT50_68,3,61990
HUF-2025-Q12603,46990,PR00011,EFT50_68,4,61990
HUF-2025-Q12603,46990,PR00011,EFT50_68,5,61990
HUF-2025-Q12603,48990,PR00011,EFT50_68,7,56990
HUF-2025-Q12603,43990,PR00011,EFT50_68,1,48990
HUF-2025-Q12603,46990,PR00011,EFT50_68,2,61990
HUF-2025-Q12603,46990,PR00011,EFT50_68,3,61990
HUF-2025-Q12603,46990,PR00011,EFT50_68,4,61990
HUF-2025-Q12603,46990,PR00011,EFT50_68,5,61990
HUF-2025-Q12603,48990,PR00011,EFT50_68,7,56990
HUF-2025-Q12603,43990,PR00011,EFT50_68,1,48990
HUF-2025-Q12603,46990,PR00011,EFT50_68,2,61990
HUF-2025-Q12603,46990,PR00011,EFT50_68,3,61990
HUF-2025-Q12603,46990,PR00011,EFT50_68,4,61990
HUF-2025-Q12603,46990,PR00011,EFT50_68,5,61990
HUF-2025-Q12603,48990,PR00011,EFT50_68,7,56990
HUF-2025-Q12603,45990,PR00011,EFT60_68,1,49990
HUF-2025-Q12603,60990,PR00011,EFT60_68,2,65990
HUF-2025-Q12603,60990,PR00011,EFT60_68,3,65990
HUF-2025-Q12603,60990,PR00011,EFT60_68,4,65990
HUF-2025-Q12603,60990,PR00011,EFT60_68,5,65990
HUF-2025-Q12603,62990,PR00011,EFT60_68,7,65990
HUF-2025-Q12603,45990,PR00011,EFT60_68,1,49990
HUF-2025-Q12603,60990,PR00011,EFT60_68,2,65990
HUF-2025-Q12603,60990,PR00011,EFT60_68,3,65990
HUF-2025-Q12603,60990,PR00011,EFT60_68,4,65990
HUF-2025-Q12603,60990,PR00011,EFT60_68,5,65990
HUF-2025-Q12603,62990,PR00011,EFT60_68,7,65990
HUF-2025-Q12603,47990,PR00011,EF60_72,1,49990
HUF-2025-Q12603,62990,PR00011,EF60_72,2,70990
HUF-2025-Q12603,62990,PR00011,EF60_72,3,70990
HUF-2025-Q12603,62990,PR00011,EF60_72,4,70990
HUF-2025-Q12603,62990,PR00011,EF60_72,5,70990
HUF-2025-Q12603,64990,PR00011,EF60_72,7,68990
HUF-2025-Q12603,47990,PR00011,EF60_72,1,49990
HUF-2025-Q12603,62990,PR00011,EF60_72,2,70990
HUF-2025-Q12603,62990,PR00011,EF60_72,3,70990
HUF-2025-Q12603,62990,PR00011,EF60_72,4,70990
HUF-2025-Q12603,62990,PR00011,EF60_72,5,70990
HUF-2025-Q12603,64990,PR00011,EF60_72,7,68990
HUF-2025-Q12603,56990,PR00011,FSL60,1,61990
HUF-2025-Q12603,83990,PR00011,FSL60,2,78990
HUF-2025-Q12603,83990,PR00011,FSL60,3,78990
HUF-2025-Q12603,83990,PR00011,FSL60,4,78990
HUF-2025-Q12603,83990,PR00011,FSL60,5,78990
HUF-2025-Q12603,84990,PR00011,FSL60,7,82990
HUF-2025-Q12603,56990,PR00011,FSL60,1,61990
HUF-2025-Q12603,83990,PR00011,FSL60,2,78990
HUF-2025-Q12603,83990,PR00011,FSL60,3,78990
HUF-2025-Q12603,83990,PR00011,FSL60,4,78990
HUF-2025-Q12603,83990,PR00011,FSL60,5,78990
HUF-2025-Q12603,84990,PR00011,FSL60,7,82990
HUF-2025-Q12603,95990,PR00011,KMTB601F,1,88990
HUF-2025-Q12603,180990,PR00011,KMTB601F,2,124990
HUF-2025-Q12603,180990,PR00011,KMTB601F,3,124990
HUF-2025-Q12603,180990,PR00011,KMTB601F,4,124990
HUF-2025-Q12603,180990,PR00011,KMTB601F,5,124990
HUF-2025-Q12603,190990,PR00011,KMTB601F,7,181990
HUF-2025-Q12603,95990,PR00011,KMTB601F,1,88990
HUF-2025-Q12603,180990,PR00011,KMTB601F,2,124990
HUF-2025-Q12603,180990,PR00011,KMTB601F,3,124990
HUF-2025-Q12603,180990,PR00011,KMTB601F,4,124990
HUF-2025-Q12603,180990,PR00011,KMTB601F,5,124990
HUF-2025-Q12603,190990,PR00011,KMTB601F,7,181990
HUF-2025-Q12603,106990,PR00011,KMTH60W,1,83990
HUF-2025-Q12603,163990,PR00011,KMTH60W,2,137990
HUF-2025-Q12603,163990,PR00011,KMTH60W,3,137990
HUF-2025-Q12603,163990,PR00011,KMTH60W,4,137990
HUF-2025-Q12603,163990,PR00011,KMTH60W,5,137990
HUF-2025-Q12603,165990,PR00011,KMTH60W,7,166990
HUF-2025-Q12603,106990,PR00011,KMTH60W,1,83990
HUF-2025-Q12603,163990,PR00011,KMTH60W,2,137990
HUF-2025-Q12603,163990,PR00011,KMTH60W,3,137990
HUF-2025-Q12603,163990,PR00011,KMTH60W,4,137990
HUF-2025-Q12603,163990,PR00011,KMTH60W,5,137990
HUF-2025-Q12603,165990,PR00011,KMTH60W,7,166990
HUF-2025-Q12603,68990,PR00011,ASZHS45,1,72990
HUF-2025-Q12603,80990,PR00011,ASZHS45,2,87990
HUF-2025-Q12603,80990,PR00011,ASZHS45,3,87990
HUF-2025-Q12603,80990,PR00011,ASZHS45,4,87990
HUF-2025-Q12603,80990,PR00011,ASZHS45,5,87990
HUF-2025-Q12603,100990,PR00011,ASZHS45,7,95990
HUF-2025-Q12603,70990,PR00011,ASZHS60,1,75990
HUF-2025-Q12603,97990,PR00011,ASZHS60,2,95990
HUF-2025-Q12603,97990,PR00011,ASZHS60,3,95990
HUF-2025-Q12603,97990,PR00011,ASZHS60,4,95990
HUF-2025-Q12603,97990,PR00011,ASZHS60,5,95990
HUF-2025-Q12603,117990,PR00011,ASZHS60,7,107990
HUF-2025-Q12603,3990,PR00011,LOTF_OTDE,1,0
HUF-2025-Q12603,3790,PR00011,LOTF_OTDE,2,0
HUF-2025-Q12603,3790,PR00011,LOTF_OTDE,3,0
HUF-2025-Q12603,3790,PR00011,LOTF_OTDE,4,0
HUF-2025-Q12603,3790,PR00011,LOTF_OTDE,5,0
HUF-2025-Q12603,5690,PR00011,LOTF_OTDE,7,0
HUF-2025-Q12603,2390,PR00011,LOTF_OTDF,1,0
HUF-2025-Q12603,2390,PR00011,LOTF_OTDF,2,0
HUF-2025-Q12603,2390,PR00011,LOTF_OTDF,3,0
HUF-2025-Q12603,2390,PR00011,LOTF_OTDF,4,0
HUF-2025-Q12603,2390,PR00011,LOTF_OTDF,5,0
HUF-2025-Q12603,3490,PR00011,LOTF_OTDF,7,0
HUF-2025-Q12603,6990,PR00011,LOTF_OTD_E,1,0
HUF-2025-Q12603,6990,PR00011,LOTF_OTD_E,2,0
HUF-2025-Q12603,6990,PR00011,LOTF_OTD_E,3,0
HUF-2025-Q12603,6990,PR00011,LOTF_OTD_E,4,0
HUF-2025-Q12603,6990,PR00011,LOTF_OTD_E,5,0
HUF-2025-Q12603,10290,PR00011,LOTF_OTD_E,7,0
HUF-2025-Q12603,5990,PR00011,LOTF_OTDE_F,1,0
HUF-2025-Q12603,5990,PR00011,LOTF_OTDE_F,2,0
HUF-2025-Q12603,5990,PR00011,LOTF_OTDE_F,3,0
HUF-2025-Q12603,5990,PR00011,LOTF_OTDE_F,4,0
HUF-2025-Q12603,5990,PR00011,LOTF_OTDE_F,5,0
HUF-2025-Q12603,8990,PR00011,LOTF_OTDE_F,7,0
HUF-2025-Q12603,4590,PR00011,LOTF_OTD,1,0
HUF-2025-Q12603,4590,PR00011,LOTF_OTD,2,0
HUF-2025-Q12603,4590,PR00011,LOTF_OTD,3,0
HUF-2025-Q12603,4590,PR00011,LOTF_OTD,4,0
HUF-2025-Q12603,4590,PR00011,LOTF_OTD,5,0
HUF-2025-Q12603,6990,PR00011,LOTF_OTD,7,0
HUF-2025-Q12603,39990,PR00011,FMFSL60,1,53990
HUF-2025-Q12603,71990,PR00011,FMFSL60,2,64990
HUF-2025-Q12603,71990,PR00011,FMFSL60,3,64990
HUF-2025-Q12603,71990,PR00011,FMFSL60,4,64990
HUF-2025-Q12603,71990,PR00011,FMFSL60,5,64990
HUF-2025-Q12603,73990,PR00011,FMFSL60,7,69990
HUF-2025-Q12603,39990,PR00011,FMFSL60,1,53990
HUF-2025-Q12603,71990,PR00011,FMFSL60,2,64990
HUF-2025-Q12603,71990,PR00011,FMFSL60,3,64990
HUF-2025-Q12603,71990,PR00011,FMFSL60,4,64990
HUF-2025-Q12603,71990,PR00011,FMFSL60,5,64990
HUF-2025-Q12603,73990,PR00011,FMFSL60,7,69990
HUF-2025-Q12603,75990,PR00011,AS110P,1,70990
HUF-2025-Q12603,102990,PR00011,AS110P,2,128990
HUF-2025-Q12603,102990,PR00011,AS110P,3,128990
HUF-2025-Q12603,102990,PR00011,AS110P,4,128990
HUF-2025-Q12603,102990,PR00011,AS110P,5,128990
HUF-2025-Q12603,103990,PR00011,AS110P,7,117990
HUF-2025-Q12603,75990,PR00011,AS110P,1,70990
HUF-2025-Q12603,102990,PR00011,AS110P,2,128990
HUF-2025-Q12603,102990,PR00011,AS110P,3,128990
HUF-2025-Q12603,102990,PR00011,AS110P,4,128990
HUF-2025-Q12603,102990,PR00011,AS110P,5,128990
HUF-2025-Q12603,103990,PR00011,AS110P,7,117990
HUF-2025-Q12603,8990,PR00011,LOTA_OTASA,1,0
HUF-2025-Q12603,8990,PR00011,LOTA_OTASA,2,0
HUF-2025-Q12603,8990,PR00011,LOTA_OTASA,3,0
HUF-2025-Q12603,8990,PR00011,LOTA_OTASA,4,0
HUF-2025-Q12603,8990,PR00011,LOTA_OTASA,5,0
HUF-2025-Q12603,12990,PR00011,LOTA_OTASA,7,0
HUF-2025-Q12603,7990,PR00011,LOTA_OTASB,1,0
HUF-2025-Q12603,7990,PR00011,LOTA_OTASB,2,0
HUF-2025-Q12603,7990,PR00011,LOTA_OTASB,3,0
HUF-2025-Q12603,7990,PR00011,LOTA_OTASB,4,0
HUF-2025-Q12603,7990,PR00011,LOTA_OTASB,5,0
HUF-2025-Q12603,11490,PR00011,LOTA_OTASB,7,0
HUF-2025-Q12603,57990,PR00011,AMO60P,1,54990
HUF-2025-Q12603,80990,PR00011,AMO60P,2,95990
HUF-2025-Q12603,80990,PR00011,AMO60P,3,95990
HUF-2025-Q12603,80990,PR00011,AMO60P,4,95990
HUF-2025-Q12603,80990,PR00011,AMO60P,5,95990
HUF-2025-Q12603,81990,PR00011,AMO60P,7,88990
HUF-2025-Q12603,57990,PR00011,AMO60P,1,54990
HUF-2025-Q12603,80990,PR00011,AMO60P,2,95990
HUF-2025-Q12603,80990,PR00011,AMO60P,3,95990
HUF-2025-Q12603,80990,PR00011,AMO60P,4,95990
HUF-2025-Q12603,80990,PR00011,AMO60P,5,95990
HUF-2025-Q12603,81990,PR00011,AMO60P,7,88990
HUF-2025-Q12603,117990,PR00011,KMTH75W,1,83990
HUF-2025-Q12603,163990,PR00011,KMTH75W,2,153990
HUF-2025-Q12603,163990,PR00011,KMTH75W,3,153990
HUF-2025-Q12603,163990,PR00011,KMTH75W,4,153990
HUF-2025-Q12603,163990,PR00011,KMTH75W,5,153990
HUF-2025-Q12603,165990,PR00011,KMTH75W,7,168990
HUF-2025-Q12603,117990,PR00011,KMTH75W,1,83990
HUF-2025-Q12603,163990,PR00011,KMTH75W,2,153990
HUF-2025-Q12603,163990,PR00011,KMTH75W,3,153990
HUF-2025-Q12603,163990,PR00011,KMTH75W,4,153990
HUF-2025-Q12603,163990,PR00011,KMTH75W,5,153990
HUF-2025-Q12603,165990,PR00011,KMTH75W,7,168990
HUF-2025-Q12603,14990,PR00011,LTFK,1,0
HUF-2025-Q12603,15990,PR00011,LTFK,2,0
HUF-2025-Q12603,15990,PR00011,LTFK,3,0
HUF-2025-Q12603,15990,PR00011,LTFK,4,0
HUF-2025-Q12603,15990,PR00011,LTFK,5,0
HUF-2025-Q12603,15990,PR00011,LTFK,7,0
HUF-2025-Q12603,20990,PR00011,LOTA_OTAFA,1,0
HUF-2025-Q12603,20990,PR00011,LOTA_OTAFA,2,0
HUF-2025-Q12603,20990,PR00011,LOTA_OTAFA,3,0
HUF-2025-Q12603,20990,PR00011,LOTA_OTAFA,4,0
HUF-2025-Q12603,20990,PR00011,LOTA_OTAFA,5,0
HUF-2025-Q12603,30990,PR00011,LOTA_OTAFA,7,0
HUF-2025-Q12603,3990,PR00011,LOTF_OTDT,1,0
HUF-2025-Q12603,3990,PR00011,LOTF_OTDT,2,0
HUF-2025-Q12603,3990,PR00011,LOTF_OTDT,3,0
HUF-2025-Q12603,3990,PR00011,LOTF_OTDT,4,0
HUF-2025-Q12603,3990,PR00011,LOTF_OTDT,5,0
HUF-2025-Q12603,6190,PR00011,LOTF_OTDT,7,0
HUF-2025-Q12603,3990,PR00011,LOTF_OTFK,1,0
HUF-2025-Q12603,3690,PR00011,LOTF_OTFK,2,0
HUF-2025-Q12603,3690,PR00011,LOTF_OTFK,3,0
HUF-2025-Q12603,3690,PR00011,LOTF_OTFK,4,0
HUF-2025-Q12603,3690,PR00011,LOTF_OTFK,5,0
HUF-2025-Q12603,5590,PR00011,LOTF_OTFK,7,0
HUF-2025-Q12603,2072,PR00011_CF00002,LE15,1,0
HUF-2025-Q12603,2072,PR00011_CF00002,LE15,2,0
HUF-2025-Q12603,2072,PR00011_CF00002,LE15,3,0
HUF-2025-Q12603,2072,PR00011_CF00002,LE15,4,0
HUF-2025-Q12603,2072,PR00011_CF00002,LE15,5,0
HUF-2025-Q12603,3112,PR00011_CF00003,LE15,7,0
HUF-2025-Q12603,9050,PR00011,LOTA_OTAC,1,0
HUF-2025-Q12603,9050,PR00011,LOTA_OTAC,2,0
HUF-2025-Q12603,9050,PR00011,LOTA_OTAC,3,0
HUF-2025-Q12603,9050,PR00011,LOTA_OTAC,4,0
HUF-2025-Q12603,9050,PR00011,LOTA_OTAC,5,0
HUF-2025-Q12603,13400,PR00011,LOTA_OTAC,7,0
HUF-2025-Q12603,22600,PR00011,LOTA_OTAFC,1,0
HUF-2025-Q12603,22600,PR00011,LOTA_OTAFC,2,0
HUF-2025-Q12603,22600,PR00011,LOTA_OTAFC,3,0
HUF-2025-Q12603,22600,PR00011,LOTA_OTAFC,4,0
HUF-2025-Q12603,22600,PR00011,LOTA_OTAFC,5,0
HUF-2025-Q12603,33450,PR00011,LOTA_OTAFC,7,0
HUF-2025-Q12603,9350,PR00011,LOTA_OTASC,1,0
HUF-2025-Q12603,9350,PR00011,LOTA_OTASC,2,0
HUF-2025-Q12603,9350,PR00011,LOTA_OTASC,3,0
HUF-2025-Q12603,9350,PR00011,LOTA_OTASC,4,0
HUF-2025-Q12603,9350,PR00011,LOTA_OTASC,5,0
HUF-2025-Q12603,13850,PR00011,LOTA_OTASC,7,0
HUF-2025-Q12603,0,ZeroPrice,AAFE40,0,0
HUF-2025-Q12603,0,ZeroPrice,AAFE40,0,0
HUF-2025-Q12603,0,ZeroPrice,AAFE45,0,0
HUF-2025-Q12603,0,ZeroPrice,AAFE45,0,0
HUF-2025-Q12603,0,ZeroPrice,AAFE50,0,0
HUF-2025-Q12603,0,ZeroPrice,AAFE50,0,0
HUF-2025-Q12603,0,ZeroPrice,AAFE60,0,0
HUF-2025-Q12603,0,ZeroPrice,AAFE60,0,0
HUF-2025-Q12603,0,ZeroPrice,AAFE60,0,0
HUF-2025-Q12603,0,ZeroPrice,AAFE80,0,0
HUF-2025-Q12603,0,ZeroPrice,AAFE90,0,0
HUF-2025-Q12603,0,ZeroPrice,ACT,0,0
HUF-2025-Q12603,0,ZeroPrice,ACT40,0,0
HUF-2025-Q12603,0,ZeroPrice,AET40,0,0
HUF-2025-Q12603,0,ZeroPrice,AET40,0,0
HUF-2025-Q12603,0,ZeroPrice,AF40,0,0
HUF-2025-Q12603,0,ZeroPrice,AF45,0,0
HUF-2025-Q12603,0,ZeroPrice,AF50,0,0
HUF-2025-Q12603,0,ZeroPrice,AF60,0,0
HUF-2025-Q12603,0,ZeroPrice,AF80,0,0
HUF-2025-Q12603,0,ZeroPrice,AF90,0,0
HUF-2025-Q12603,0,ZeroPrice,AKL30,0,0
HUF-2025-Q12603,0,ZeroPrice,AKL40,0,0
HUF-2025-Q12603,0,ZeroPrice,AML100,0,0
HUF-2025-Q12603,0,ZeroPrice,AML30,0,0
HUF-2025-Q12603,0,ZeroPrice,AML30,0,0
HUF-2025-Q12603,0,ZeroPrice,AML35,0,0
HUF-2025-Q12603,0,ZeroPrice,AML35,0,0
HUF-2025-Q12603,0,ZeroPrice,AML40P,0,0
HUF-2025-Q12603,0,ZeroPrice,AML40P,0,0
HUF-2025-Q12603,0,ZeroPrice,AML40,0,0
HUF-2025-Q12603,0,ZeroPrice,AML40,0,0
HUF-2025-Q12603,0,ZeroPrice,AML45P,0,0
HUF-2025-Q12603,0,ZeroPrice,AML45P,0,0
HUF-2025-Q12603,0,ZeroPrice,AML45,0,0
HUF-2025-Q12603,0,ZeroPrice,AML45,0,0
HUF-2025-Q12603,0,ZeroPrice,AML50,0,0
HUF-2025-Q12603,0,ZeroPrice,AML50,0,0
HUF-2025-Q12603,0,ZeroPrice,AML60E,0,0
HUF-2025-Q12603,0,ZeroPrice,AML60E,0,0
HUF-2025-Q12603,0,ZeroPrice,AML60P,0,0
HUF-2025-Q12603,0,ZeroPrice,AML60P,0,0
HUF-2025-Q12603,0,ZeroPrice,AML60,0,0
HUF-2025-Q12603,0,ZeroPrice,AML70,0,0
HUF-2025-Q12603,0,ZeroPrice,AML80,0,0
HUF-2025-Q12603,0,ZeroPrice,AML80P,0,0
HUF-2025-Q12603,0,ZeroPrice,AML90,0,0
HUF-2025-Q12603,0,ZeroPrice,AML90P,0,0
HUF-2025-Q12603,0,ZeroPrice,AMO100,0,0
HUF-2025-Q12603,0,ZeroPrice,AMO60E,0,0
HUF-2025-Q12603,0,ZeroPrice,AMO60E,0,0
HUF-2025-Q12603,0,ZeroPrice,AMO60P,0,0
HUF-2025-Q12603,0,ZeroPrice,AMO60P,0,0
HUF-2025-Q12603,0,ZeroPrice,AMO60,0,0
HUF-2025-Q12603,0,ZeroPrice,AMO70,0,0
HUF-2025-Q12603,0,ZeroPrice,AMO80,0,0
HUF-2025-Q12603,0,ZeroPrice,AMO80P,0,0
HUF-2025-Q12603,0,ZeroPrice,AMO90,0,0
HUF-2025-Q12603,0,ZeroPrice,AMO90P,0,0
HUF-2025-Q12603,0,ZeroPrice,ANK,0,0
HUF-2025-Q12603,0,ZeroPrice,ANMM,0,0
HUF-2025-Q12603,0,ZeroPrice,ANTMT_FEHR,0,0
HUF-2025-Q12603,0,ZeroPrice,ANTMT_GRAFIT,0,0
HUF-2025-Q12603,0,ZeroPrice,ANTMT_SURK,0,0
HUF-2025-Q12603,0,ZeroPrice,ANT_ANTH_MF,0,0
HUF-2025-Q12603,0,ZeroPrice,ANT,0,0
HUF-2025-Q12603,0,ZeroPrice,ANT_CAP_MF,0,0
HUF-2025-Q12603,0,ZeroPrice,ANT_WHT_MF,0,0
HUF-2025-Q12603,0,ZeroPrice,AN_ANT,0,0
HUF-2025-Q12603,0,ZeroPrice,AN,0,0
HUF-2025-Q12603,0,ZeroPrice,AN_CAN,0,0
HUF-2025-Q12603,0,ZeroPrice,AN_ETNA,0,0
HUF-2025-Q12603,0,ZeroPrice,AN_FEH,0,0
HUF-2025-Q12603,0,ZeroPrice,AN_IBZ,0,0
HUF-2025-Q12603,0,ZeroPrice,AN_NERO,0,0
HUF-2025-Q12603,0,ZeroPrice,AN_PTE,0,0
HUF-2025-Q12603,0,ZeroPrice,AN_SON,0,0
HUF-2025-Q12603,0,ZeroPrice,AN_SR,0,0
HUF-2025-Q12603,0,ZeroPrice,AN_VS,0,0
HUF-2025-Q12603,0,ZeroPrice,AR20,0,0
HUF-2025-Q12603,0,ZeroPrice,AS105,0,0
HUF-2025-Q12603,0,ZeroPrice,AS105,0,0
HUF-2025-Q12603,0,ZeroPrice,AS110MAGIC,0,0
HUF-2025-Q12603,0,ZeroPrice,AS110MAGIC,0,0
HUF-2025-Q12603,0,ZeroPrice,AS110P,0,0
HUF-2025-Q12603,0,ZeroPrice,AS110P,0,0
HUF-2025-Q12603,0,ZeroPrice,AS110VT,0,0
HUF-2025-Q12603,0,ZeroPrice,AS110VT,0,0
HUF-2025-Q12603,0,ZeroPrice,AS110,0,0
HUF-2025-Q12603,0,ZeroPrice,AS110,0,0
HUF-2025-Q12603,0,ZeroPrice,AS95,0,0
HUF-2025-Q12603,0,ZeroPrice,AS95,0,0
HUF-2025-Q12603,0,ZeroPrice,ASL90,0,0
HUF-2025-Q12603,0,ZeroPrice,ASL90,0,0
HUF-2025-Q12603,0,ZeroPrice,ASM105,0,0
HUF-2025-Q12603,0,ZeroPrice,ASM105,0,0
HUF-2025-Q12603,0,ZeroPrice,ASM110,0,0
HUF-2025-Q12603,0,ZeroPrice,ASM110,0,0
HUF-2025-Q12603,0,ZeroPrice,ASM95,0,0
HUF-2025-Q12603,0,ZeroPrice,ASM95,0,0
HUF-2025-Q12603,0,ZeroPrice,ASZB45,0,0
HUF-2025-Q12603,0,ZeroPrice,ASZB60,0,0
HUF-2025-Q12603,0,ZeroPrice,ASZHS45,0,0
HUF-2025-Q12603,0,ZeroPrice,ASZHS60,0,0
HUF-2025-Q12603,0,ZeroPrice,ATF60,0,0
HUF-2025-Q12603,0,ZeroPrice,ATF60P,0,0
HUF-2025-Q12603,0,ZeroPrice,AVZ30,0,0
HUF-2025-Q12603,0,ZeroPrice,AVZ30,0,0
HUF-2025-Q12603,0,ZeroPrice,BFL,0,0
HUF-2025-Q12603,0,ZeroPrice,BFL40,0,0
HUF-2025-Q12603,0,ZeroPrice,BGMM,0,0
HUF-2025-Q12603,0,ZeroPrice,BIL,0,0
HUF-2025-Q12603,0,ZeroPrice,BKV,0,0
HUF-2025-Q12603,0,ZeroPrice,BLA40,0,0
HUF-2025-Q12603,0,ZeroPrice,CF40,0,0
HUF-2025-Q12603,0,ZeroPrice,CPM,0,0
HUF-2025-Q12603,0,ZeroPrice,CPMM,0,0
HUF-2025-Q12603,0,ZeroPrice,CT,0,0
HUF-2025-Q12603,0,ZeroPrice,EF50,0,0
HUF-2025-Q12603,0,ZeroPrice,EF60,0,0
HUF-2025-Q12603,0,ZeroPrice,EF60_72,0,0
HUF-2025-Q12603,0,ZeroPrice,EF60_72,0,0
HUF-2025-Q12603,0,ZeroPrice,EFT50,0,0
HUF-2025-Q12603,0,ZeroPrice,EFT50F,0,0
HUF-2025-Q12603,0,ZeroPrice,EFT50_68,0,0
HUF-2025-Q12603,0,ZeroPrice,EFT50_68,0,0
HUF-2025-Q12603,0,ZeroPrice,EFT50_68,0,0
HUF-2025-Q12603,0,ZeroPrice,EFT60F,0,0
HUF-2025-Q12603,0,ZeroPrice,EFT60_68,0,0
HUF-2025-Q12603,0,ZeroPrice,EFT60_68,0,0
HUF-2025-Q12603,0,ZeroPrice,EFT60,0,0
HUF-2025-Q12603,0,ZeroPrice,F100,0,0
HUF-2025-Q12603,0,ZeroPrice,F30_2A,0,0
HUF-2025-Q12603,0,ZeroPrice,F30_2A,0,0
HUF-2025-Q12603,0,ZeroPrice,F30,0,0
HUF-2025-Q12603,0,ZeroPrice,F30,0,0
HUF-2025-Q12603,0,ZeroPrice,F35_2A,0,0
HUF-2025-Q12603,0,ZeroPrice,F35_2A,0,0
HUF-2025-Q12603,0,ZeroPrice,F35,0,0
HUF-2025-Q12603,0,ZeroPrice,F35,0,0
HUF-2025-Q12603,0,ZeroPrice,F40_2A,0,0
HUF-2025-Q12603,0,ZeroPrice,F40_2A,0,0
HUF-2025-Q12603,0,ZeroPrice,F40,0,0
HUF-2025-Q12603,0,ZeroPrice,F40,0,0
HUF-2025-Q12603,0,ZeroPrice,F45_2A,0,0
HUF-2025-Q12603,0,ZeroPrice,F45_2A,0,0
HUF-2025-Q12603,0,ZeroPrice,F45,0,0
HUF-2025-Q12603,0,ZeroPrice,F45,0,0
HUF-2025-Q12603,0,ZeroPrice,F50,0,0
HUF-2025-Q12603,0,ZeroPrice,F50,0,0
HUF-2025-Q12603,0,ZeroPrice,F60E,0,0
HUF-2025-Q12603,0,ZeroPrice,F60E,0,0
HUF-2025-Q12603,0,ZeroPrice,F60,0,0
HUF-2025-Q12603,0,ZeroPrice,F70,0,0
HUF-2025-Q12603,0,ZeroPrice,F80,0,0
HUF-2025-Q12603,0,ZeroPrice,F90,0,0
HUF-2025-Q12603,0,ZeroPrice,FE40,0,0
HUF-2025-Q12603,0,ZeroPrice,FEA,0,0
HUF-2025-Q12603,0,ZeroPrice,FEF82_60,0,0
HUF-2025-Q12603,0,ZeroPrice,FEK82_60,0,0
HUF-2025-Q12603,0,ZeroPrice,FET,0,0
HUF-2025-Q12603,0,ZeroPrice,FET40,0,0
HUF-2025-Q12603,0,ZeroPrice,FF90,0,0
HUF-2025-Q12603,0,ZeroPrice,FFM60,0,0
HUF-2025-Q12603,0,ZeroPrice,FFMM,0,0
HUF-2025-Q12603,0,ZeroPrice,FFZ45,0,0
HUF-2025-Q12603,0,ZeroPrice,FFZ50,0,0
HUF-2025-Q12603,0,ZeroPrice,FFZ60,0,0
HUF-2025-Q12603,0,ZeroPrice,FFZ70,0,0
HUF-2025-Q12603,0,ZeroPrice,FFZ80,0,0
HUF-2025-Q12603,0,ZeroPrice,FFZ90,0,0
HUF-2025-Q12603,0,ZeroPrice,FKF30,0,0
HUF-2025-Q12603,0,ZeroPrice,FKF35,0,0
HUF-2025-Q12603,0,ZeroPrice,FKF40,0,0
HUF-2025-Q12603,0,ZeroPrice,FKF45,0,0
HUF-2025-Q12603,0,ZeroPrice,FKF50,0,0
HUF-2025-Q12603,0,ZeroPrice,FKF60,0,0
HUF-2025-Q12603,0,ZeroPrice,FKF70,0,0
HUF-2025-Q12603,0,ZeroPrice,FKF80,0,0
HUF-2025-Q12603,0,ZeroPrice,FKF90,0,0
HUF-2025-Q12603,0,ZeroPrice,FKV,0,0
HUF-2025-Q12603,0,ZeroPrice,FLB,0,0
HUF-2025-Q12603,0,ZeroPrice,FMF30,0,0
HUF-2025-Q12603,0,ZeroPrice,FMF35,0,0
HUF-2025-Q12603,0,ZeroPrice,FMF40,0,0
HUF-2025-Q12603,0,ZeroPrice,FMF45,0,0
HUF-2025-Q12603,0,ZeroPrice,FMF50,0,0
HUF-2025-Q12603,0,ZeroPrice,FMF60,0,0
HUF-2025-Q12603,0,ZeroPrice,FMF70,0,0
HUF-2025-Q12603,0,ZeroPrice,FMF80,0,0
HUF-2025-Q12603,0,ZeroPrice,FMF90,0,0
HUF-2025-Q12603,0,ZeroPrice,FMFNY20,0,0
HUF-2025-Q12603,0,ZeroPrice,FMFSL60,0,0
HUF-2025-Q12603,0,ZeroPrice,FMFSL60,0,0
HUF-2025-Q12603,0,ZeroPrice,FMFSZ,0,0
HUF-2025-Q12603,0,ZeroPrice,FMFSZ,0,0
HUF-2025-Q12603,0,ZeroPrice,FMFVZ30,0,0
HUF-2025-Q12603,0,ZeroPrice,FMFVZ30,0,0
HUF-2025-Q12603,0,ZeroPrice,FNY20,0,0
HUF-2025-Q12603,0,ZeroPrice,FSL60,0,0
HUF-2025-Q12603,0,ZeroPrice,FSL60,0,0
HUF-2025-Q12603,0,ZeroPrice,FSU,0,0
HUF-2025-Q12603,0,ZeroPrice,FSU,0,0
HUF-2025-Q12603,0,ZeroPrice,FSZ_2A,0,0
HUF-2025-Q12603,0,ZeroPrice,FSZ_2A,0,0
HUF-2025-Q12603,0,ZeroPrice,FSZ,0,0
HUF-2025-Q12603,0,ZeroPrice,FSZ,0,0
HUF-2025-Q12603,0,ZeroPrice,FU40,0,0
HUF-2025-Q12603,0,ZeroPrice,FU40,0,0
HUF-2025-Q12603,0,ZeroPrice,FU45,0,0
HUF-2025-Q12603,0,ZeroPrice,FU45,0,0
HUF-2025-Q12603,0,ZeroPrice,FU80,0,0
HUF-2025-Q12603,0,ZeroPrice,FU80F,0,0
HUF-2025-Q12603,0,ZeroPrice,FU90,0,0
HUF-2025-Q12603,0,ZeroPrice,FUZ45,0,0
HUF-2025-Q12603,0,ZeroPrice,FUZ45,0,0
HUF-2025-Q12603,0,ZeroPrice,FVZ30,0,0
HUF-2025-Q12603,0,ZeroPrice,FVZ30,0,0
HUF-2025-Q12603,0,ZeroPrice,FZL,0,0
HUF-2025-Q12603,0,ZeroPrice,FZN80,0,0
HUF-2025-Q12603,0,ZeroPrice,GFA,0,0
HUF-2025-Q12603,0,ZeroPrice,IBL,0,0
HUF-2025-Q12603,0,ZeroPrice,IBP1000,0,0
HUF-2025-Q12603,0,ZeroPrice,IBP1050,0,0
HUF-2025-Q12603,0,ZeroPrice,IBP1100,0,0
HUF-2025-Q12603,0,ZeroPrice,IBP150,0,0
HUF-2025-Q12603,0,ZeroPrice,IBP18,0,0
HUF-2025-Q12603,0,ZeroPrice,IBP200,0,0
HUF-2025-Q12603,0,ZeroPrice,IBP300,0,0
HUF-2025-Q12603,0,ZeroPrice,IBP350,0,0
HUF-2025-Q12603,0,ZeroPrice,IBP400,0,0
HUF-2025-Q12603,0,ZeroPrice,IBP450,0,0
HUF-2025-Q12603,0,ZeroPrice,IBP500,0,0
HUF-2025-Q12603,0,ZeroPrice,IBP600,0,0
HUF-2025-Q12603,0,ZeroPrice,IBP700,0,0
HUF-2025-Q12603,0,ZeroPrice,IBP800,0,0
HUF-2025-Q12603,0,ZeroPrice,IBP900,0,0
HUF-2025-Q12603,0,ZeroPrice,IGM,0,0
HUF-2025-Q12603,0,ZeroPrice,IGM40,0,0
HUF-2025-Q12603,0,ZeroPrice,K40R,0,0
HUF-2025-Q12603,0,ZeroPrice,K40,0,0
HUF-2025-Q12603,0,ZeroPrice,K40,0,0
HUF-2025-Q12603,0,ZeroPrice,K60F,0,0
HUF-2025-Q12603,0,ZeroPrice,K60F,0,0
HUF-2025-Q12603,0,ZeroPrice,K60R,0,0
HUF-2025-Q12603,0,ZeroPrice,K60R,0,0
HUF-2025-Q12603,0,ZeroPrice,K60,0,0
HUF-2025-Q12603,0,ZeroPrice,K60,0,0
HUF-2025-Q12603,0,ZeroPrice,KANF,0,0
HUF-2025-Q12603,0,ZeroPrice,KANFF,0,0
HUF-2025-Q12603,0,ZeroPrice,KDF,0,0
HUF-2025-Q12603,0,ZeroPrice,KDK,0,0
HUF-2025-Q12603,0,ZeroPrice,KF60F,0,0
HUF-2025-Q12603,0,ZeroPrice,KF60,0,0
HUF-2025-Q12603,0,ZeroPrice,KF60,0,0
HUF-2025-Q12603,0,ZeroPrice,KMTB601F,0,0
HUF-2025-Q12603,0,ZeroPrice,KMTB601F,0,0
HUF-2025-Q12603,0,ZeroPrice,KMTB602F,0,0
HUF-2025-Q12603,0,ZeroPrice,KMTB60F,0,0
HUF-2025-Q12603,0,ZeroPrice,KMTB60K,0,0
HUF-2025-Q12603,0,ZeroPrice,KMTB60K,0,0
HUF-2025-Q12603,0,ZeroPrice,KMTB60,0,0
HUF-2025-Q12603,0,ZeroPrice,KMTB60,0,0
HUF-2025-Q12603,0,ZeroPrice,KMTH60W,0,0
HUF-2025-Q12603,0,ZeroPrice,KMTH60W,0,0
HUF-2025-Q12603,0,ZeroPrice,KMTH60,0,0
HUF-2025-Q12603,0,ZeroPrice,KMTH60,0,0
HUF-2025-Q12603,0,ZeroPrice,KMTH75W,0,0
HUF-2025-Q12603,0,ZeroPrice,KMTH75W,0,0
HUF-2025-Q12603,0,ZeroPrice,KN,0,0
HUF-2025-Q12603,0,ZeroPrice,KN40,0,0
HUF-2025-Q12603,0,ZeroPrice,KPK,0,0
HUF-2025-Q12603,0,ZeroPrice,KR82_60,0,0
HUF-2025-Q12603,0,ZeroPrice,KSZA,0,0
HUF-2025-Q12603,0,ZeroPrice,KSZAF,0,0
HUF-2025-Q12603,0,ZeroPrice,KTB60,0,0
HUF-2025-Q12603,0,ZeroPrice,KTB60,0,0
HUF-2025-Q12603,0,ZeroPrice,KTL,0,0
HUF-2025-Q12603,0,ZeroPrice,K_SO,0,0
HUF-2025-Q12603,0,ZeroPrice,LAURA_CAP,0,0
HUF-2025-Q12603,0,ZeroPrice,LAURA_GEI,0,0
HUF-2025-Q12603,0,ZeroPrice,LAURA_GRAP,0,0
HUF-2025-Q12603,0,ZeroPrice,LAURA_GRAY,0,0
HUF-2025-Q12603,0,ZeroPrice,LAURA_PRO,0,0
HUF-2025-Q12603,0,ZeroPrice,LAURA_WHT,0,0
HUF-2025-Q12603,0,ZeroPrice,LAZ,0,0
HUF-2025-Q12603,0,ZeroPrice,LE,0,0
HUF-2025-Q12603,0,ZeroPrice,LE15,0,0
HUF-2025-Q12603,0,ZeroPrice,LMO59_45,0,0
HUF-2025-Q12603,0,ZeroPrice,LMO59_60,0,0
HUF-2025-Q12603,0,ZeroPrice,LMO72_45,0,0
HUF-2025-Q12603,0,ZeroPrice,LMO72_60,0,0
HUF-2025-Q12603,0,ZeroPrice,LOTA_OTA,0,0
HUF-2025-Q12603,0,ZeroPrice,LOTA_OTAA,0,0
HUF-2025-Q12603,0,ZeroPrice,LOTA_OTAC,0,0
HUF-2025-Q12603,0,ZeroPrice,LOTA_OTAF,0,0
HUF-2025-Q12603,0,ZeroPrice,LOTA_OTAFA,0,0
HUF-2025-Q12603,0,ZeroPrice,LOTA_OTAFC,0,0
HUF-2025-Q12603,0,ZeroPrice,LOTA_OTASA,0,0
HUF-2025-Q12603,0,ZeroPrice,LOTA_OTASB,0,0
HUF-2025-Q12603,0,ZeroPrice,LOTA_OTASC,0,0
HUF-2025-Q12603,0,ZeroPrice,LOTF_OTD,0,0
HUF-2025-Q12603,0,ZeroPrice,LOTF_OTDE,0,0
HUF-2025-Q12603,0,ZeroPrice,LOTF_OTDE_F,0,0
HUF-2025-Q12603,0,ZeroPrice,LOTF_OTDF,0,0
HUF-2025-Q12603,0,ZeroPrice,LOTF_OTDT,0,0
HUF-2025-Q12603,0,ZeroPrice,LOTF_OTD_E,0,0
HUF-2025-Q12603,0,ZeroPrice,LOTF_OTFK,0,0
HUF-2025-Q12603,0,ZeroPrice,LTA,0,0
HUF-2025-Q12603,0,ZeroPrice,LTA1450,0,0
HUF-2025-Q12603,0,ZeroPrice,LTA2135,0,0
HUF-2025-Q12603,0,ZeroPrice,LTF360,0,0
HUF-2025-Q12603,0,ZeroPrice,LTF595,0,0
HUF-2025-Q12603,0,ZeroPrice,LTF720,0,0
HUF-2025-Q12603,0,ZeroPrice,LTFK,0,0
HUF-2025-Q12603,0,ZeroPrice,M1,0,0
HUF-2025-Q12603,0,ZeroPrice,M15,0,0
HUF-2025-Q12603,0,ZeroPrice,MA40,0,0
HUF-2025-Q12603,0,ZeroPrice,ME40,0,0
HUF-2025-Q12603,0,ZeroPrice,MKP,0,0
HUF-2025-Q12603,0,ZeroPrice,MPF,0,0
HUF-2025-Q12603,0,ZeroPrice,N,0,0
HUF-2025-Q12603,0,ZeroPrice,NEL,0,0
HUF-2025-Q12603,0,ZeroPrice,PD,0,0
HUF-2025-Q12603,0,ZeroPrice,PD40,0,0
HUF-2025-Q12603,0,ZeroPrice,PFLP,0,0
HUF-2025-Q12603,0,ZeroPrice,PIFK,0,0
HUF-2025-Q12603,0,ZeroPrice,PTL,0,0
HUF-2025-Q12603,0,ZeroPrice,PUO,0,0
HUF-2025-Q12603,0,ZeroPrice,RST,0,0
HUF-2025-Q12603,0,ZeroPrice,RST40,0,0
HUF-2025-Q12603,0,ZeroPrice,SH,0,0
HUF-2025-Q12603,0,ZeroPrice,SH40,0,0
HUF-2025-Q12603,0,ZeroPrice,SIA,0,0
HUF-2025-Q12603,0,ZeroPrice,SIF,0,0
HUF-2025-Q12603,0,ZeroPrice,SIK,0,0
HUF-2025-Q12603,0,ZeroPrice,SLFK,0,0
HUF-2025-Q12603,0,ZeroPrice,SLFN,0,0
HUF-2025-Q12603,0,ZeroPrice,SLKK,0,0
HUF-2025-Q12603,0,ZeroPrice,SLKN,0,0
HUF-2025-Q12603,0,ZeroPrice,SLRK,0,0
HUF-2025-Q12603,0,ZeroPrice,SLRN,0,0
HUF-2025-Q12603,0,ZeroPrice,SOL,0,0
HUF-2025-Q12603,0,ZeroPrice,SOL40,0,0
HUF-2025-Q12603,0,ZeroPrice,ST,0,0
HUF-2025-Q12603,0,ZeroPrice,ST40,0,0
HUF-2025-Q12603,0,ZeroPrice,STA,0,0
HUF-2025-Q12603,0,ZeroPrice,STK,0,0
HUF-2025-Q12603,0,ZeroPrice,STM,0,0
HUF-2025-Q12603,0,ZeroPrice,SZA,0,0
HUF-2025-Q12603,0,ZeroPrice,SZU,0,0
HUF-2025-Q12603,0,ZeroPrice,SZU40,0,0
HUF-2025-Q12603,0,ZeroPrice,TGBBH,0,0
HUF-2025-Q12603,0,ZeroPrice,TGBBM_SMV25EX00E,0,0
HUF-2025-Q12603,0,ZeroPrice,TGEA45,0,0
HUF-2025-Q12603,0,ZeroPrice,TGEA60,0,0
HUF-2025-Q12603,0,ZeroPrice,TGEIG,0,0
HUF-2025-Q12603,0,ZeroPrice,TGWBH_ART96101,0,0
HUF-2025-Q12603,0,ZeroPrice,TKFL45,0,0
HUF-2025-Q12603,0,ZeroPrice,TKFL60,0,0
HUF-2025-Q12603,0,ZeroPrice,TKKE,0,0
HUF-2025-Q12603,0,ZeroPrice,TKKSE45,0,0
HUF-2025-Q12603,0,ZeroPrice,TKKSE60,0,0
HUF-2025-Q12603,0,ZeroPrice,TVKK40H,0,0
HUF-2025-Q12603,0,ZeroPrice,TVKK60N,0,0
HUF-2025-Q12603,0,ZeroPrice,TVKL300,0,0
HUF-2025-Q12603,0,ZeroPrice,TVKL400,0,0
HUF-2025-Q12603,0,ZeroPrice,TVS_M,0,0
HUF-2025-Q12603,0,ZeroPrice,TVS_MOB,0,0
HUF-2025-Q12603,0,ZeroPrice,TVS_MOJ,0,0
HUF-2025-Q12603,0,ZeroPrice,VE40,0,0
HUF-2025-Q12603,0,ZeroPrice,VH,0,0
HUF-2025-Q12603,0,ZeroPrice,VH40,0,0
HUF-2025-Q12603,0,ZeroPrice,VSZ,0,0
HUF-2025-Q12603,0,ZeroPrice,ZILLE,0,0
HUF-2025-Q12603,0,ZeroPrice,ZILLE_RUS_WH,0,0
HUF-2025-Q12603,0,ZeroPrice,ZILLE_SON_OAK,0,0
HUF-2025-Q12603,0,ZeroPrice,ZILLE_WOT_OAK,0,0
HUF-2025-Q12603,0,ZeroPrice,k_ETN,0,0
HUF-2025-Q12603,0,ZeroPrice,k_WHT,0,0
HUF-2025-Q12603,0,PR00010_CF00003,PFLP,0,0
